id,sci_name,common_name,gbif_key,inat_taxon_id,wikipedia_title,ebird_code,birdnet_label,alias_of,ioc_name
acanthis-flammea,Acanthis flammea,Redpoll,5231630,145300,,,Acanthis flammea_Common Redpoll,,
accipiter-striatus,Accipiter striatus,Sharp-shinned Hawk,9740253,5097,,,Accipiter striatus_Sharp-shinned Hawk,,
acridotheres-cristatellus,Acridotheres cristatellus,Crested Myna,2489010,14872,,,Acridotheres cristatellus_Crested Myna,,
acridotheres-tristis,Acridotheres tristis,Common Myna,2489005,,,,Acridotheres tristis_Common Myna,,
acrocephalus-familiaris,Acrocephalus familiaris,Millerbird,5231335,,,,,,
actitis-hypoleucos,Actitis hypoleucos,Common Sandpiper,2481800,,,,Actitis hypoleucos_Common Sandpiper,,
actitis-macularius,Actitis macularius,Spotted Sandpiper,2481798,72458,,,Actitis macularius_Spotted Sandpiper,,
aechmophorus-clarkii,Aechmophorus clarkii,Clark's Grebe,2482032,4234,,,Aechmophorus clarkii_Clark's Grebe,,
aechmophorus-occidentalis,Aechmophorus occidentalis,Western Grebe,2482033,4235,,,Aechmophorus occidentalis_Western Grebe,,
aegolius-acadicus,Aegolius acadicus,Northern Saw-whet Owl,5232207,20356,,,Aegolius acadicus_Northern Saw-whet Owl,,
aegolius-funereus,Aegolius funereus,Boreal Owl,5739298,,,,Aegolius funereus_Boreal Owl,,
aerodramus-bartschi,Aerodramus bartschi,Mariana Swiftlet,2477241,144625,,,Aerodramus bartschi_Mariana Swiftlet,,
aeronautes-saxatalis,Aeronautes saxatalis,White-throated Swift,2477108,6553,,,Aeronautes saxatalis_White-throated Swift,,
aethia-cristatella,Aethia cristatella,Crested Auklet,2481295,4542,,,,,
aethia-psittacula,Aethia psittacula,Parakeet Auklet,5229269,4543,,,,,
aethia-pusilla,Aethia pusilla,Least Auklet,5229270,4544,,,Aethia pusilla_Least Auklet,,
aethia-pygmaea,Aethia pygmaea,Whiskered Auklet,5229271,4545,,,Aethia pygmaea_Whiskered Auklet,,
agapornis-fischeri,Agapornis fischeri,Fischer's Lovebird,2479544,19075,,,Agapornis fischeri_Fischer's Lovebird,,
agapornis-personatus,Agapornis personatus,Yellow-collared Lovebird,2479553,19076,,,Agapornis personatus_Yellow-collared Lovebird,,
agapornis-roseicollis,Agapornis roseicollis,Rosy-faced Lovebird,9770031,19079,,,Agapornis roseicollis_Rosy-faced Lovebird,,
agelaius-phoeniceus,Agelaius phoeniceus,Red-winged Blackbird,9409198,,,,Agelaius phoeniceus_Red-winged Blackbird,,
agelaius-tricolor,Agelaius tricolor,Tricolored Blackbird,2484445,9743,,,Agelaius tricolor_Tricolored Blackbird,,
aimophila-ruficeps,Aimophila ruficeps,Rufous-crowned Sparrow,2491961,9958,,,Aimophila ruficeps_Rufous-crowned Sparrow,,
aix-galericulata,Aix galericulata,Mandarin Duck,2498388,7106,,,Aix galericulata_Mandarin Duck,,
aix-sponsa,Aix sponsa,Wood Duck,2498387,,,,Aix sponsa_Wood Duck,,
alauda-arvensis,Alauda arvensis,Eurasian Skylark,8077224,,,,Alauda arvensis_Eurasian Skylark,,
alca-torda,Alca torda,Razorbill,8277073,4501,,,Alca torda_Razorbill,,
alectoris-chukar,Alectoris chukar,Chukar,2474029,846,,,Alectoris chukar_Chukar,,Chukar Partridge
alectoris-rufa,Alectoris rufa,Red-legged Partridge,2474051,867,,,Alectoris rufa_Red-legged Partridge,,
alle-alle,Alle alle,Dovekie,2481299,,,,,,Little Auk
alopochen-aegyptiaca,Alopochen aegyptiaca,Egyptian Goose,2498252,,,,Alopochen aegyptiaca_Egyptian Goose,,
amandava-amandava,Amandava amandava,Red Avadavat,2493698,13959,,,Amandava amandava_Red Avadavat,,
amazilia-yucatanensis,Amazilia yucatanensis,Buff-bellied Hummingbird,2476483,5672,,,Amazilia yucatanensis_Buff-bellied Hummingbird,,
amazona-aestiva,Amazona aestiva,Turquoise-fronted Amazon,2479662,18978,,,Amazona aestiva_Turquoise-fronted Parrot,,
amazona-amazonica,Amazona amazonica,Orange-winged Amazon,2479666,18982,,,Amazona amazonica_Orange-winged Parrot,,
amazona-finschi,Amazona finschi,Lilac-crowned Amazon,2479669,18993,,,Amazona finschi_Lilac-crowned Parrot,,
amazona-oratrix,Amazona oratrix,Yellow-headed Amazon,2479646,18998,,,Amazona oratrix_Yellow-headed Parrot,,
amazona-viridigenalis,Amazona viridigenalis,Red-crowned Amazon,2479665,18976,,,Amazona viridigenalis_Red-crowned Parrot,,
ammodramus-savannarum,Ammodramus savannarum,Grasshopper Sparrow,2491123,10139,,,Ammodramus savannarum_Grasshopper Sparrow,,
ammospiza-caudacuta,Ammospiza caudacuta,Saltmarsh Sparrow,2491087,793289,,,Ammospiza caudacuta_Saltmarsh Sparrow,,
ammospiza-leconteii,Ammospiza leconteii,LeConte's Sparrow,2491081,437602,,,Ammospiza leconteii_LeConte's Sparrow,,
ammospiza-maritima,Ammospiza maritima,Seaside Sparrow,2491116,793292,,,Ammospiza maritima_Seaside Sparrow,,
ammospiza-nelsoni,Ammospiza nelsoni,Nelson's Sparrow,10999791,793286,,,Ammospiza nelsoni_Nelson's Sparrow,,
amphispiza-bilineata,Amphispiza bilineata,Black-throated Sparrow,2491757,9943,,,Amphispiza bilineata_Black-throated Sparrow,,
amphispizopsis-quinquestriata,Amphispizopsis quinquestriata,Five-striped Sparrow,11218039,1289367,,,Amphispizopsis quinquestriata_Five-striped Sparrow,,
anas-acuta,Anas acuta,Northern Pintail,2498112,6933,,,Anas acuta_Northern Pintail,,
anas-bahamensis,Anas bahamensis,White-cheeked Pintail,2498090,,,,,,
anas-crecca,Anas crecca,Green-winged Teal,8214667,,,,Anas crecca_Green-winged Teal,,
anas-diazi,Anas diazi,Mexican Duck,2498136,827372,,,Anas diazi_Mexican Duck,,
anas-fulvigula,Anas fulvigula,Mottled Duck,2498080,6948,,,Anas fulvigula_Mottled Duck,,
anas-platyrhynchos,Anas platyrhynchos,Mallard,9761484,,,,Anas platyrhynchos_Mallard,,
anas-rubripes,Anas rubripes,American Black Duck,9581438,6924,,,Anas rubripes_American Black Duck,,
anas-wyvilliana,Anas wyvilliana,Hawaiian Duck,2498072,6956,,,Anas wyvilliana_Hawaiian Duck,,
anas-zonorhyncha,Anas zonorhyncha,Eastern Spot-billed Duck,2498061,72504,,,Anas zonorhyncha_Eastern Spot-billed Duck,,
anhinga-anhinga,Anhinga anhinga,Anhinga,2482082,5063,,,Anhinga anhinga_Anhinga,,
anous-ceruleus,Anous ceruleus,Blue-gray Noddy,9321463,558450,,,Anous ceruleus_Blue-gray Noddy,,Blue Noddy
anous-minutus,Anous minutus,Black Noddy,9803471,4537,,,Anous minutus_Black Noddy,,
anous-stolidus,Anous stolidus,Brown Noddy,9512459,4535,,,Anous stolidus_Brown Noddy,,
anser-albifrons,Anser albifrons,Greater White-fronted Goose,2498017,7019,,,Anser albifrons_Greater White-fronted Goose,,
anser-anser,Anser anser,Graylag Goose,2498036,,,,Anser anser_Graylag Goose,,
anser-brachyrhynchus,Anser brachyrhynchus,Pink-footed Goose,2498024,7007,,,Anser brachyrhynchus_Pink-footed Goose,,
anser-caerulescens,Anser caerulescens,Snow Goose,2498167,558426,,,Anser caerulescens_Snow Goose,,
anser-canagicus,Anser canagicus,Emperor Goose,2498163,558425,,,Anser canagicus_Emperor Goose,,
anser-cygnoides,Anser cygnoides,Swan Goose,2498034,7014,,,Anser cygnoides_Swan Goose,,
anser-fabalis,Anser fabalis,Taiga Bean-Goose,2498027,7009,,,Anser fabalis_Taiga Bean-Goose,,
anser-indicus,Anser indicus,Bar-headed Goose,2498035,7008,,,Anser indicus_Bar-headed Goose,,
anser-rossii,Anser rossii,Ross's Goose,2498161,558427,,,Anser rossii_Ross's Goose,,
anser-serrirostris,Anser serrirostris,Tundra Bean-Goose,7340170,144423,,,Anser serrirostris_Tundra Bean-Goose,,
anthracothorax-prevostii,Anthracothorax prevostii,Green-breasted Mango,2476722,,,,,,
anthus-cervinus,Anthus cervinus,Red-throated Pipit,2490283,13721,,,Anthus cervinus_Red-throated Pipit,,
anthus-gustavi,Anthus gustavi,Pechora Pipit,2490281,13727,,,Anthus gustavi_Pechora Pipit,,
anthus-hodgsoni,Anthus hodgsoni,Olive-backed Pipit,2490244,13724,,,Anthus hodgsoni_Olive-backed Pipit,,
anthus-rubescens,Anthus rubescens,American Pipit,2490263,,,,Anthus rubescens_American Pipit,,Buff-bellied Pipit
anthus-spragueii,Anthus spragueii,Sprague's Pipit,2490268,13710,,,Anthus spragueii_Sprague's Pipit,,
anthus-trivialis,Anthus trivialis,Tree Pipit,2490246,,,,Anthus trivialis_Tree Pipit,,
antigone-canadensis,Antigone canadensis,Sandhill Crane,2474953,508048,,,Antigone canadensis_Sandhill Crane,,
antrostomus-arizonae,Antrostomus arizonae,Mexican Whip-poor-will,6101174,199831,,,Antrostomus arizonae_Mexican Whip-poor-will,,
antrostomus-carolinensis,Antrostomus carolinensis,Chuck-will's-widow,6101173,199833,,,Antrostomus carolinensis_Chuck-will's-widow,,
antrostomus-ridgwayi,Antrostomus ridgwayi,Buff-collared Nightjar,6101182,199835,,,Antrostomus ridgwayi_Buff-collared Nightjar,,
antrostomus-vociferus,Antrostomus vociferus,Eastern Whip-poor-will,6101178,,,,Antrostomus vociferus_Eastern Whip-poor-will,,
aphelocoma-californica,Aphelocoma californica,California Scrub-Jay,2482414,506118,,,Aphelocoma californica_California Scrub-Jay,,
aphelocoma-coerulescens,Aphelocoma coerulescens,Florida Scrub-Jay,2482400,7829,,,Aphelocoma coerulescens_Florida Scrub-Jay,,
aphelocoma-insularis,Aphelocoma insularis,Island Scrub-Jay,2482399,,,,,,
aphelocoma-wollweberi,Aphelocoma wollweberi,Mexican Jay,9441907,144207,,,Aphelocoma wollweberi_Mexican Jay,,
aphelocoma-woodhouseii,Aphelocoma woodhouseii,Woodhouse's Scrub-Jay,5844900,506117,,,Aphelocoma woodhouseii_Woodhouse's Scrub-Jay,,
apus-apus,Apus apus,Common Swift,5228676,6638,,,Apus apus_Common Swift,,
apus-pacificus,Apus pacificus,Pacific Swift,5228670,,,,Apus pacificus_Pacific Swift,,
aquila-chrysaetos,Aquila chrysaetos,Golden Eagle,2480506,5074,,,Aquila chrysaetos_Golden Eagle,,
ara-ararauna,Ara ararauna,Blue-and-yellow Macaw,5959231,19018,,,Ara ararauna_Blue-and-yellow Macaw,,
ara-chloropterus,Ara chloropterus,Red-and-green Macaw,5959225,19016,,,Ara chloropterus_Red-and-green Macaw,,
ara-severus,Ara severus,Chestnut-fronted Macaw,5959228,72520,,,Ara severus_Chestnut-fronted Macaw,,
aramides-axillaris,Aramides axillaris,Rufous-necked Wood-Rail,2474671,457,,,Aramides axillaris_Rufous-necked Wood-Rail,,
aramus-guarauna,Aramus guarauna,Limpkin,2474337,7,,,Aramus guarauna_Limpkin,,
aratinga-nenday,Aratinga nenday,Nanday Parakeet,2480102,367562,,,Aratinga nenday_Nanday Parakeet,,
archilochus-alexandri,Archilochus alexandri,Black-chinned Hummingbird,5228513,6433,,,Archilochus alexandri_Black-chinned Hummingbird,,
archilochus-colubris,Archilochus colubris,Ruby-throated Hummingbird,5228514,,,,Archilochus colubris_Ruby-throated Hummingbird,,
ardea-alba,Ardea alba,Great Egret,9752617,144455,,,Ardea alba_Great Egret,,
ardea-cinerea,Ardea cinerea,Gray Heron,9797180,,,,Ardea cinerea_Gray Heron,,
ardea-herodias,Ardea herodias,Great Blue Heron,9630752,4956,,,Ardea herodias_Great Blue Heron,,
ardenna-bulleri,Ardenna bulleri,Buller's Shearwater,5229379,475121,,,Ardenna bulleri_Buller's Shearwater,,
ardenna-carneipes,Ardenna carneipes,Flesh-footed Shearwater,5229378,475119,,,Ardenna carneipes_Flesh-footed Shearwater,,
ardenna-creatopus,Ardenna creatopus,Pink-footed Shearwater,5229358,475115,,,Ardenna creatopus_Pink-footed Shearwater,,
ardenna-gravis,Ardenna gravis,Great Shearwater,5229343,,,,,,
ardenna-grisea,Ardenna grisea,Sooty Shearwater,5739277,502899,,,Ardenna grisea_Sooty Shearwater,,
ardenna-pacifica,Ardenna pacifica,Wedge-tailed Shearwater,5229344,475125,,,Ardenna pacifica_Wedge-tailed Shearwater,,
ardenna-tenuirostris,Ardenna tenuirostris,Short-tailed Shearwater,5229359,475116,,,Ardenna tenuirostris_Short-tailed Shearwater,,
arenaria-interpres,Arenaria interpres,Ruddy Turnstone,2481776,3938,,,Arenaria interpres_Ruddy Turnstone,,
arenaria-melanocephala,Arenaria melanocephala,Black Turnstone,5229406,3941,,,Arenaria melanocephala_Black Turnstone,,
arremonops-rufivirgatus,Arremonops rufivirgatus,Olive Sparrow,2491031,10173,,,Arremonops rufivirgatus_Olive Sparrow,,
artemisiospiza-belli,Artemisiospiza belli,Bell's Sparrow,6100797,344926,,,Artemisiospiza belli_Bell's Sparrow,,
artemisiospiza-nevadensis,Artemisiospiza nevadensis,Sagebrush Sparrow,8276794,338752,,,Artemisiospiza nevadensis_Sagebrush Sparrow,,
arundinax-aedon,Arundinax aedon,Thick-billed Warbler,6101024,,,,Arundinax aedon_Thick-billed Warbler,,
asio-flammeus,Asio flammeus,Short-eared Owl,2497295,20315,,,Asio flammeus_Short-eared Owl,,
asio-otus,Asio otus,Long-eared Owl,2497306,,,,Asio otus_Long-eared Owl,,
athene-cunicularia,Athene cunicularia,Burrowing Owl,2497240,19975,,,Athene cunicularia_Burrowing Owl,,
auriparus-flaviceps,Auriparus flaviceps,Verdin,2487397,7603,,,Auriparus flaviceps_Verdin,,
aythya-affinis,Aythya affinis,Lesser Scaup,2498257,7054,,,Aythya affinis_Lesser Scaup,,
aythya-americana,Aythya americana,Redhead,2498263,7056,,,Aythya americana_Redhead,,
aythya-collaris,Aythya collaris,Ring-necked Duck,2498264,7044,,,Aythya collaris_Ring-necked Duck,,
aythya-ferina,Aythya ferina,Common Pochard,2498255,7045,,,Aythya ferina_Common Pochard,,
aythya-fuligula,Aythya fuligula,Tufted Duck,2498261,7046,,,Aythya fuligula_Tufted Duck,,
aythya-marila,Aythya marila,Greater Scaup,2498265,7047,,,Aythya marila_Greater Scaup,,
aythya-valisineria,Aythya valisineria,Canvasback,2498256,7057,,,Aythya valisineria_Canvasback,,
baeolophus-atricristatus,Baeolophus atricristatus,Black-crested Titmouse,2487919,13631,,,Baeolophus atricristatus_Black-crested Titmouse,,
baeolophus-bicolor,Baeolophus bicolor,Tufted Titmouse,2487887,13632,,,Baeolophus bicolor_Tufted Titmouse,,
baeolophus-inornatus,Baeolophus inornatus,Oak Titmouse,2487905,,,,Baeolophus inornatus_Oak Titmouse,,
baeolophus-ridgwayi,Baeolophus ridgwayi,Juniper Titmouse,2487898,13634,,,Baeolophus ridgwayi_Juniper Titmouse,,
baeolophus-wollweberi,Baeolophus wollweberi,Bridled Titmouse,2487892,13630,,,Baeolophus wollweberi_Bridled Titmouse,,
balearica-regulorum,Balearica regulorum,Gray Crowned-Crane,5228229,53,,,Balearica regulorum_Gray Crowned-Crane,,
bartramia-longicauda,Bartramia longicauda,Upland Sandpiper,2481705,3962,,,Bartramia longicauda_Upland Sandpiper,,
basileuterus-lachrymosus,Basileuterus lachrymosus,Fan-tailed Warbler,6092627,10446,,,Basileuterus lachrymosus_Fan-tailed Warbler,,
basileuterus-rufifrons,Basileuterus rufifrons,Rufous-capped Warbler,2489785,10045,,,Basileuterus rufifrons_Rufous-capped Warbler,,
basilinna-leucotis,Basilinna leucotis,White-eared Hummingbird,2476836,1289674,,,Basilinna leucotis_White-eared Hummingbird,,
bombycilla-cedrorum,Bombycilla cedrorum,Cedar Waxwing,2484609,,,,Bombycilla cedrorum_Cedar Waxwing,,
bombycilla-garrulus,Bombycilla garrulus,Bohemian Waxwing,2484605,7429,,,Bombycilla garrulus_Bohemian Waxwing,,
bonasa-umbellus,Bonasa umbellus,Ruffed Grouse,2473702,890,,,Bonasa umbellus_Ruffed Grouse,,
botaurus-lentiginosus,Botaurus lentiginosus,American Bittern,2480911,5034,,,Botaurus lentiginosus_American Bittern,,
brachyramphus-brevirostris,Brachyramphus brevirostris,Kittlitz's Murrelet,5229286,4533,,,,,
brachyramphus-marmoratus,Brachyramphus marmoratus,Marbled Murrelet,5229281,4531,,,Brachyramphus marmoratus_Marbled Murrelet,,
brachyramphus-perdix,Brachyramphus perdix,Long-billed Murrelet,5229287,4530,,,,,
branta-bernicla,Branta bernicla,Brant,5232446,,,,Branta bernicla_Brant,,Brant Goose
branta-canadensis,Branta canadensis,Canada Goose,5232437,7089,,,Branta canadensis_Canada Goose,,
branta-hutchinsii,Branta hutchinsii,Cackling Goose,5232452,59220,,,Branta hutchinsii_Cackling Goose,,
branta-leucopsis,Branta leucopsis,Barnacle Goose,5232464,7101,,,Branta leucopsis_Barnacle Goose,,
branta-sandvicensis,Branta sandvicensis,Hawaiian Goose,5232445,7104,,,Branta sandvicensis_Hawaiian Goose,,Nene
brotogeris-chiriri,Brotogeris chiriri,Yellow-chevroned Parakeet,2479583,19215,,,Brotogeris chiriri_Yellow-chevroned Parakeet,,
brotogeris-versicolurus,Brotogeris versicolurus,White-winged Parakeet,2479582,19210,,,Brotogeris versicolurus_White-winged Parakeet,,
bubo-bubo,Bubo bubo,Eurasian Eagle-Owl,5959092,20059,,,Bubo bubo_Eurasian Eagle-Owl,,
bubo-scandiacus,Bubo scandiacus,Snowy Owl,5959143,144594,,,Bubo scandiacus_Snowy Owl,,
bubo-virginianus,Bubo virginianus,Great Horned Owl,5959118,,,,Bubo virginianus_Great Horned Owl,,
bubulcus-ibis,Bubulcus ibis,Western Cattle-Egret,2480830,411086,,,Bubulcus ibis_Cattle Egret,,
bucephala-albeola,Bucephala albeola,Bufflehead,2498329,6993,,,Bucephala albeola_Bufflehead,,
bucephala-clangula,Bucephala clangula,Common Goldeneye,2498326,6990,,,Bucephala clangula_Common Goldeneye,,
bucephala-islandica,Bucephala islandica,Barrow's Goldeneye,2498325,6994,,,Bucephala islandica_Barrow's Goldeneye,,
bulweria-bulwerii,Bulweria bulwerii,Bulwer's Petrel,2481606,4134,,,Bulweria bulwerii_Bulwer's Petrel,,
buteo-albonotatus,Buteo albonotatus,Zone-tailed Hawk,2480541,5180,,,Buteo albonotatus_Zone-tailed Hawk,,
buteo-brachyurus,Buteo brachyurus,Short-tailed Hawk,2480553,5186,,,Buteo brachyurus_Short-tailed Hawk,,
buteo-jamaicensis,Buteo jamaicensis,Red-tailed Hawk,2480542,5212,,,Buteo jamaicensis_Red-tailed Hawk,,
buteo-lagopus,Buteo lagopus,Rough-legged Hawk,2480524,5200,,,Buteo lagopus_Rough-legged Hawk,,Rough-legged Buzzard
buteo-lineatus,Buteo lineatus,Red-shouldered Hawk,2480529,5206,,,Buteo lineatus_Red-shouldered Hawk,,
buteo-nitidus,Buteo nitidus,Grey-lined Hawk,2480556,,,,Buteo nitidus_Gray-lined Hawk,,
buteo-plagiatus,Buteo plagiatus,Gray Hawk,7853540,199913,,,Buteo plagiatus_Gray Hawk,,
buteo-platypterus,Buteo platypterus,Broad-winged Hawk,2480538,5227,,,Buteo platypterus_Broad-winged Hawk,,
buteo-regalis,Buteo regalis,Ferruginous Hawk,2480566,5181,,,Buteo regalis_Ferruginous Hawk,,
buteo-solitarius,Buteo solitarius,Hawaiian Hawk,2480528,5185,,,Buteo solitarius_Hawaiian Hawk,,
buteo-swainsoni,Buteo swainsoni,Swainson's Hawk,2480562,5196,,,Buteo swainsoni_Swainson's Hawk,,
buteogallus-anthracinus,Buteogallus anthracinus,Common Black Hawk,2480651,5233,,,Buteogallus anthracinus_Common Black Hawk,,
buteogallus-urubitinga,Buteogallus urubitinga,Great Black Hawk,2480657,5238,,,Buteogallus urubitinga_Great Black Hawk,,
butorides-virescens,Butorides virescens,Green Heron,9539567,5020,,,Butorides virescens_Green Heron,,
cacatua-alba,Cacatua alba,White Cockatoo,2479870,117191,,,Cacatua alba_White Cockatoo,,
cacatua-galerita,Cacatua galerita,Sulphur-crested Cockatoo,2479888,116834,,,Cacatua galerita_Sulphur-crested Cockatoo,,
cacatua-goffiniana,Cacatua goffiniana,Tanimbar Corella,2479886,117152,,,Cacatua goffiniana_Tanimbar Corella,,
cacatua-moluccensis,Cacatua moluccensis,Salmon-crested Cockatoo,2479898,,,,,,
cacatua-sanguinea,Cacatua sanguinea,Little Corella,2479871,,,,Cacatua sanguinea_Little Corella,,
cairina-moschata,Cairina moschata,Muscovy Duck,9751099,7120,,,Cairina moschata_Muscovy Duck,,
calamospiza-melanocorys,Calamospiza melanocorys,Lark Bunting,2491893,10585,,,Calamospiza melanocorys_Lark Bunting,,
calcarius-lapponicus,Calcarius lapponicus,Lapland Longspur,2491678,116840,,,Calcarius lapponicus_Lapland Longspur,,
calcarius-ornatus,Calcarius ornatus,Chestnut-collared Longspur,2491677,117153,,,Calcarius ornatus_Chestnut-collared Longspur,,
calcarius-pictus,Calcarius pictus,Smith's Longspur,2491684,116841,,,Calcarius pictus_Smith's Longspur,,
calidris-acuminata,Calidris acuminata,Sharp-tailed Sandpiper,2481769,3844,,,Calidris acuminata_Sharp-tailed Sandpiper,,
calidris-alba,Calidris alba,Sanderling,2481748,3849,,,Calidris alba_Sanderling,,
calidris-alpina,Calidris alpina,Dunlin,2481759,,,,Calidris alpina_Dunlin,,
calidris-bairdii,Calidris bairdii,Baird's Sandpiper,2481770,3851,,,Calidris bairdii_Baird's Sandpiper,,
calidris-canutus,Calidris canutus,Red Knot,2481765,3845,,,Calidris canutus_Red Knot,,
calidris-ferruginea,Calidris ferruginea,Curlew Sandpiper,2481741,3863,,,Calidris ferruginea_Curlew Sandpiper,,
calidris-fuscicollis,Calidris fuscicollis,White-rumped Sandpiper,2481756,3866,,,Calidris fuscicollis_White-rumped Sandpiper,,
calidris-himantopus,Calidris himantopus,Stilt Sandpiper,5229400,3850,,,Calidris himantopus_Stilt Sandpiper,,
calidris-maritima,Calidris maritima,Purple Sandpiper,2481743,3856,,,Calidris maritima_Purple Sandpiper,,
calidris-mauri,Calidris mauri,Western Sandpiper,2481742,3855,,,Calidris mauri_Western Sandpiper,,
calidris-melanotos,Calidris melanotos,Pectoral Sandpiper,2481744,3865,,,Calidris melanotos_Pectoral Sandpiper,,
calidris-minuta,Calidris minuta,Little Stint,2481749,3838,,,Calidris minuta_Little Stint,,
calidris-minutilla,Calidris minutilla,Least Sandpiper,2481745,3864,,,Calidris minutilla_Least Sandpiper,,
calidris-ptilocnemis,Calidris ptilocnemis,Rock Sandpiper,5229395,3839,,,Calidris ptilocnemis_Rock Sandpiper,,
calidris-pugnax,Calidris pugnax,Ruff,8250742,339593,,,Calidris pugnax_Ruff,,
calidris-pusilla,Calidris pusilla,Semipalmated Sandpiper,2481764,3862,,,Calidris pusilla_Semipalmated Sandpiper,,
calidris-ruficollis,Calidris ruficollis,Red-necked Stint,2481746,3854,,,Calidris ruficollis_Red-necked Stint,,
calidris-subminuta,Calidris subminuta,Long-toed Stint,2481750,3848,,,Calidris subminuta_Long-toed Stint,,
calidris-subruficollis,Calidris subruficollis,Buff-breasted Sandpiper,8292425,339596,,,Calidris subruficollis_Buff-breasted Sandpiper,,
calidris-temminckii,Calidris temminckii,Temminck's Stint,2481740,3837,,,Calidris temminckii_Temminck's Stint,,
calidris-tenuirostris,Calidris tenuirostris,Great Knot,2481768,3852,,,Calidris tenuirostris_Great Knot,,
calidris-virgata,Calidris virgata,Surfbird,7964835,339592,,,Calidris virgata_Surfbird,,
calliope-calliope,Calliope calliope,Siberian Rubythroat,2492537,145064,,,Calliope calliope_Siberian Rubythroat,,
callipepla-californica,Callipepla californica,California Quail,5228080,,,,Callipepla californica_California Quail,,
callipepla-gambelii,Callipepla gambelii,Gambel's Quail,5228072,1406,,,Callipepla gambelii_Gambel's Quail,,
callipepla-squamata,Callipepla squamata,Scaled Quail,5228075,1419,,,Callipepla squamata_Scaled Quail,,
callonetta-leucophrys,Callonetta leucophrys,Ringed Teal,2498384,,,,,,
calonectris-borealis,Calonectris borealis,Cory's Shearwater,4847282,,,,,,
calonectris-diomedea,Calonectris diomedea,Scopoli's Shearwater,2481521,509656,,,Calonectris diomedea_Cory's Shearwater,,
calothorax-lucifer,Calothorax lucifer,Lucifer Hummingbird,2476570,6371,,,Calothorax lucifer_Lucifer Hummingbird,,Lucifer Sheartail
calypte-anna,Calypte anna,Anna's Hummingbird,2476674,,,,Calypte anna_Anna's Hummingbird,,
calypte-costae,Calypte costae,Costa's Hummingbird,2476675,6316,,,Calypte costae_Costa's Hummingbird,,
camptostoma-imberbe,Camptostoma imberbe,Northern Beardless-Tyrannulet,2483507,16968,,,Camptostoma imberbe_Northern Beardless-Tyrannulet,,
campylorhynchus-brunneicapillus,Campylorhynchus brunneicapillus,Cactus Wren,5231474,7470,,,Campylorhynchus brunneicapillus_Cactus Wren,,
canachites-canadensis,Canachites canadensis,Spruce Grouse,2473502,1289698,,,Canachites canadensis_Spruce Grouse,,
caracara-plancus,Caracara plancus,Crested Caracara,2480989,,,,,,
cardellina-canadensis,Cardellina canadensis,Canada Warbler,6091946,,,,,,
cardellina-pusilla,Cardellina pusilla,Wilson's Warbler,7341606,,,,,,
cardellina-rubrifrons,Cardellina rubrifrons,Red-faced Warbler,2489634,,,,,,
cardinalis-cardinalis,Cardinalis cardinalis,Northern Cardinal,2490384,9083,,,Cardinalis cardinalis_Northern Cardinal,,
cardinalis-sinuatus,Cardinalis sinuatus,Pyrrhuloxia,2490405,,,,,,
carduelis-carduelis,Carduelis carduelis,European Goldfinch,2494686,,,,,,
carpodacus-erythrinus,Carpodacus erythrinus,Common Rosefinch,2494459,,,,,,
cathartes-aura,Cathartes aura,Turkey Vulture,2481930,4756,,,Cathartes aura_Turkey Vulture,,
catharus-aurantiirostris,Catharus aurantiirostris,Orange-billed Nightingale-Thrush,2490801,,,,,,
catharus-bicknelli,Catharus bicknelli,Bicknell's Thrush,2490800,,,,,,
catharus-fuscescens,Catharus fuscescens,Veery,2490804,,,,,,
catharus-guttatus,Catharus guttatus,Hermit Thrush,2490810,,,,,,
catharus-minimus,Catharus minimus,Gray-cheeked Thrush,2490826,,,,,,
catharus-ustulatus,Catharus ustulatus,Swainson's Thrush,2490821,,,,,,
catherpes-mexicanus,Catherpes mexicanus,Canyon Wren,5231430,,,,,,
centrocercus-urophasianus,Centrocercus urophasianus,Greater Sage-Grouse,5959240,,,,,,Sage Grouse
centronyx-bairdii,Centronyx bairdii,Baird's Sparrow,10783710,,,,,,
centronyx-henslowii,Centronyx henslowii,Henslow's Sparrow,10850807,,,,,,
cepphus-columba,Cepphus columba,Pigeon Guillemot,9315520,,,,,,
cepphus-grylle,Cepphus grylle,Black Guillemot,2481312,,,,,,
cerorhinca-monocerata,Cerorhinca monocerata,Rhinoceros Auklet,2481324,,,,,,
certhia-americana,Certhia americana,Brown Creeper,9581157,,,,,,
chaetura-pelagica,Chaetura pelagica,Chimney Swift,4409023,,,,,,
chaetura-vauxi,Chaetura vauxi,Vaux's Swift,5228612,,,,,,
chamaea-fasciata,Chamaea fasciata,Wrentit,2493558,,,,,,
charadrius-hiaticula,Charadrius hiaticula,Common Ringed Plover,9566659,,,,,,
charadrius-melodus,Charadrius melodus,Piping Plover,2480283,,,,,,
charadrius-morinellus,Charadrius morinellus,Eurasian Dotterel,2480281,4788,,,Charadrius morinellus_Eurasian Dotterel,,
charadrius-semipalmatus,Charadrius semipalmatus,Semipalmated Plover,2480295,,,,,,
charadrius-vociferus,Charadrius vociferus,Killdeer,2480320,,,,,,
chasiempis-ibidis,Chasiempis ibidis,Oahu Elepaio,6086250,72656,,,Chasiempis ibidis_Oahu Elepaio,,
chasiempis-sandwichensis,Chasiempis sandwichensis,Hawaii Elepaio,2486699,8645,,,Chasiempis sandwichensis_Hawaii Elepaio,,
chasiempis-sclateri,Chasiempis sclateri,Kauai Elepaio,6086253,72657,,,Chasiempis sclateri_Kauai Elepaio,,
chlidonias-hybrida,Chlidonias hybrida,Whiskered Tern,2481121,,,,,,
chlidonias-leucopterus,Chlidonias leucopterus,White-winged Tern,2481120,,,,,,
chlidonias-niger,Chlidonias niger,Black Tern,2481119,,,,,,
chloris-sinica,Chloris sinica,Oriental Greenfinch,6101015,,,,,,Grey-capped Greenfinch
chloroceryle-americana,Chloroceryle americana,Green Kingfisher,2475486,,,,,,
chlorodrepanis-flava,Chlorodrepanis flava,Oahu Amakihi,8021975,512279,,,Chlorodrepanis flava_Oahu Amakihi,,
chlorodrepanis-stejnegeri,Chlorodrepanis stejnegeri,Kauai Amakihi,7706576,512280,,,Chlorodrepanis stejnegeri_Kauai Amakihi,,
chlorodrepanis-virens,Chlorodrepanis virens,Hawaii Amakihi,8346110,,,,,,
chondestes-grammacus,Chondestes grammacus,Lark Sparrow,2491651,,,,,,
chordeiles-acutipennis,Chordeiles acutipennis,Lesser Nighthawk,2497052,,,,,,
chordeiles-gundlachii,Chordeiles gundlachii,Antillean Nighthawk,2497031,,,,,,
chordeiles-minor,Chordeiles minor,Common Nighthawk,2497035,,,,,,
chroicocephalus-philadelphia,Chroicocephalus philadelphia,Bonaparte's Gull,6065818,,,,,,
chroicocephalus-ridibundus,Chroicocephalus ridibundus,Black-headed Gull,6065824,,,,,,
chrysolophus-pictus,Chrysolophus pictus,Golden Pheasant,5228034,1230,,,Chrysolophus pictus_Golden Pheasant,,
cinclus-mexicanus,Cinclus mexicanus,American Dipper,9606873,,,,,,
circus-aeruginosus,Circus aeruginosus,Western Marsh Harrier,2480482,,,,,,
circus-cyaneus,Circus cyaneus,Hen Harrier,2480487,,,,,,
circus-hudsonius,Circus hudsonius,Northern Harrier,6101217,558446,,,Circus hudsonius_Northern Harrier,,
cistothorus-palustris,Cistothorus palustris,Marsh Wren,2493863,,,,,,
cistothorus-platensis,Cistothorus platensis,Grass Wren,2493890,,,,,,
cistothorus-stellaris,Cistothorus stellaris,Sedge Wren,8930925,,,,Cistothorus stellaris_Sedge Wren,,
clangula-hyemalis,Clangula hyemalis,Long-tailed Duck,2498273,,,,,,
coccothraustes-coccothraustes,Coccothraustes coccothraustes,Hawfinch,2494329,,,,,,
coccyzus-americanus,Coccyzus americanus,Yellow-billed Cuckoo,2496287,,,,,,
coccyzus-erythropthalmus,Coccyzus erythropthalmus,Black-billed Cuckoo,2496286,,,,,,
coccyzus-minor,Coccyzus minor,Mangrove Cuckoo,2496294,,,,,,
coereba-flaveola,Coereba flaveola,Bananaquit,2493744,,,,,,
colaptes-auratus,Colaptes auratus,Northern Flicker,2478259,,,,Colaptes auratus_Northern Flicker,,
colaptes-chrysoides,Colaptes chrysoides,Gilded Flicker,2478248,18256,,,Colaptes chrysoides_Gilded Flicker,,
colibri-thalassinus,Colibri thalassinus,Mexican Violetear,5228478,,,,,,
colinus-virginianus,Colinus virginianus,Northern Bobwhite,9791464,,,,,,
coloeus-monedula,Coloeus monedula,Eurasian Jackdaw,6100954,,,,Corvus monedula_Eurasian Jackdaw,,Western Jackdaw
columba-livia,Columba livia,Rock Pigeon,2495414,,,,Columba livia_Rock Pigeon,,Rock Dove
columbina-inca,Columbina inca,Inca Dove,2495863,,,,,,
columbina-passerina,Columbina passerina,Common Ground Dove,2495869,,,,,,
columbina-talpacoti,Columbina talpacoti,Ruddy Ground Dove,2495858,,,,,,
contopus-caribaeus,Contopus caribaeus,Cuban Pewee,5229723,,,,,,
contopus-cooperi,Contopus cooperi,Olive-sided Flycatcher,5229743,,,,,,
contopus-pertinax,Contopus pertinax,Greater Pewee,5229730,,,,,,
contopus-sordidulus,Contopus sordidulus,Western Wood-Pewee,5229754,,,,,,
contopus-virens,Contopus virens,Eastern Wood-Pewee,5229734,,,,,,
conuropsis-carolinensis,Conuropsis carolinensis,Carolina Parakeet,2479449,,,,,,
copsychus-malabaricus,Copsychus malabaricus,White-rumped Shama,2492675,,,,,,
coragyps-atratus,Coragyps atratus,Black Vulture,2481942,4765,,,Coragyps atratus_Black Vulture,,
corthylio-calendula,Corthylio calendula,Ruby-crowned Kinglet,2484597,,,,,,
corvus-brachyrhynchos,Corvus brachyrhynchos,American Crow,2482507,,,,Corvus brachyrhynchos_American Crow,,
corvus-corax,Corvus corax,Common Raven,2482492,,,,,,Northern Raven
corvus-cryptoleucus,Corvus cryptoleucus,Chihuahuan Raven,2482500,,,,,,
corvus-ossifragus,Corvus ossifragus,Fish Crow,2482481,8001,,,Corvus ossifragus_Fish Crow,,
coturnicops-noveboracensis,Coturnicops noveboracensis,Yellow Rail,5228183,,,,,,
coturnix-japonica,Coturnix japonica,Japanese Quail,2474162,791,,,Coturnix japonica_Japanese Quail,,
creagrus-furcatus,Creagrus furcatus,Swallow-tailed Gull,2481225,4564,,,Creagrus furcatus_Swallow-tailed Gull,,
crex-crex,Crex crex,Corn Crake,4408498,,,,,,
crithagra-mozambica,Crithagra mozambica,Yellow-fronted Canary,6100996,,,,,,
crotophaga-ani,Crotophaga ani,Smooth-billed Ani,2496209,,,,,,
crotophaga-sulcirostris,Crotophaga sulcirostris,Groove-billed Ani,2496211,,,,,,
cuculus-canorus,Cuculus canorus,Common Cuckoo,5231918,,,,,,
cuculus-optatus,Cuculus optatus,Oriental Cuckoo,5231898,,,,,,
cyanerpes-cyaneus,Cyanerpes cyaneus,Red-legged Honeycreeper,2488890,10262,,,Cyanerpes cyaneus_Red-legged Honeycreeper,,
cyanocitta-cristata,Cyanocitta cristata,Blue Jay,2482593,,,,Cyanocitta cristata_Blue Jay,,
cyanocitta-stelleri,Cyanocitta stelleri,Steller's Jay,2482598,,,,,,
cyanocorax-yncas,Cyanocorax yncas,Green Jay,2482565,,,,,,
cyanoliseus-patagonus,Cyanoliseus patagonus,Burrowing Parakeet,2479529,,,,,,Burrowing Parrot
cygnus-atratus,Cygnus atratus,Black Swan,2498344,6914,,,Cygnus atratus_Black Swan,,
cygnus-buccinator,Cygnus buccinator,Trumpeter Swan,2498345,,,,,,
cygnus-columbianus,Cygnus columbianus,Tundra Swan,2498338,,,,,,
cygnus-cygnus,Cygnus cygnus,Whooper Swan,2498347,,,,,,
cygnus-melancoryphus,Cygnus melancoryphus,Black-necked Swan,2498335,72789,,,Cygnus melancoryphus_Black-necked Swan,,
cygnus-olor,Cygnus olor,Mute Swan,2498343,,,,,,
cynanthus-latirostris,Cynanthus latirostris,Broad-billed Hummingbird,5228542,,,,,,
cypseloides-niger,Cypseloides niger,Black Swift,2477282,6667,,,Cypseloides niger_Black Swift,,American Black Swift
cyrtonyx-montezumae,Cyrtonyx montezumae,Montezuma Quail,2474264,,,,,,
delichon-lagopodum,Delichon lagopodum,Siberian House-Martin,7830067,,,,,,
delichon-urbicum,Delichon urbicum,Western House Martin,2489214,,,,,,
dendragapus-fuliginosus,Dendragapus fuliginosus,Sooty Grouse,7340146,,,,,,
dendragapus-obscurus,Dendragapus obscurus,Dusky Grouse,9428437,1241,,,Dendragapus obscurus_Dusky Grouse,,
dendrocygna-autumnalis,Dendrocygna autumnalis,Black-bellied Whistling-Duck,2498393,,,,,,
dendrocygna-bicolor,Dendrocygna bicolor,Fulvous Whistling-Duck,2498402,,,,,,
dendrocygna-viduata,Dendrocygna viduata,White-faced Whistling-Duck,2498396,,,,,,
dolichonyx-oryzivorus,Dolichonyx oryzivorus,Bobolink,2484417,,,,,,
drepanis-coccinea,Drepanis coccinea,Iiwi,5231615,,,,,,
dromaius-novaehollandiae,Dromaius novaehollandiae,Emu,2495134,,,,,,
dryobates-nuttallii,Dryobates nuttallii,Nuttall's Woodpecker,9088491,,,,,,
dryobates-pubescens,Dryobates pubescens,Downy Woodpecker,9149595,,,,Dryobates pubescens_Downy Woodpecker,,
dryobates-scalaris,Dryobates scalaris,Ladder-backed Woodpecker,8959883,,,,,,
dryocopus-pileatus,Dryocopus pileatus,Pileated Woodpecker,5228824,,,,,,
dumetella-carolinensis,Dumetella carolinensis,Gray Catbird,2494936,,,,Dumetella carolinensis_Gray Catbird,,
ectopistes-migratorius,Ectopistes migratorius,Passenger Pigeon,2495898,,,,,,
egretta-caerulea,Egretta caerulea,Little Blue Heron,2480894,4937,,,Egretta caerulea_Little Blue Heron,,
egretta-garzetta,Egretta garzetta,Little Egret,2480876,,,,,,
egretta-gularis,Egretta gularis,Western Reef-Heron,2480898,4935,,,Egretta gularis_Western Reef-Heron,,
egretta-rufescens,Egretta rufescens,Reddish Egret,2480888,4948,,,Egretta rufescens_Reddish Egret,,
egretta-thula,Egretta thula,Snowy Egret,2480873,4940,,,Egretta thula_Snowy Egret,,
egretta-tricolor,Egretta tricolor,Tricolored Heron,2480881,4938,,,Egretta tricolor_Tricolored Heron,,
elaenia-albiceps,Elaenia albiceps,White-crested Elaenia,5229651,,,,,,
elaenia-parvirostris,Elaenia parvirostris,Small-billed Elaenia,5229612,,,,,,
elanoides-forficatus,Elanoides forficatus,Swallow-tailed Kite,2480461,,,,,,
elanus-leucurus,Elanus leucurus,White-tailed Kite,2480367,,,,,,
emberiza-aureola,Emberiza aureola,Yellow-breasted Bunting,2491518,,,,Emberiza aureola_Yellow-breasted Bunting,,
emberiza-pallasi,Emberiza pallasi,Pallas's Bunting,2491591,,,,Emberiza pallasi_Pallas's Bunting,,Pallas's Reed Bunting
emberiza-pusilla,Emberiza pusilla,Little Bunting,2491544,9197,,,Emberiza pusilla_Little Bunting,,
emberiza-rustica,Emberiza rustica,Rustic Bunting,2491582,,,,,,
empidonax-affinis,Empidonax affinis,Pine Flycatcher,2482775,16632,,,Empidonax affinis_Pine Flycatcher,,
empidonax-alnorum,Empidonax alnorum,Alder Flycatcher,2482809,,,,,,
empidonax-difficilis,Empidonax difficilis,Western Flycatcher,9568685,,,,,,
empidonax-flaviventris,Empidonax flaviventris,Yellow-bellied Flycatcher,2482785,,,,,,
empidonax-fulvifrons,Empidonax fulvifrons,Buff-breasted Flycatcher,2482768,16604,,,Empidonax fulvifrons_Buff-breasted Flycatcher,,
empidonax-hammondii,Empidonax hammondii,Hammond's Flycatcher,2482800,,,,,,
empidonax-minimus,Empidonax minimus,Least Flycatcher,2482791,,,,,,
empidonax-oberholseri,Empidonax oberholseri,Dusky Flycatcher,2482803,,,,,,American Dusky Flycatcher
empidonax-traillii,Empidonax traillii,Willow Flycatcher,2482786,,,,,,
empidonax-virescens,Empidonax virescens,Acadian Flycatcher,2482802,,,,,,
empidonax-wrightii,Empidonax wrightii,Gray Flycatcher,9585359,,,,,,American Grey Flycatcher
empidonomus-varius,Empidonomus varius,Variegated Flycatcher,2484090,,,,,,
eremophila-alpestris,Eremophila alpestris,Horned Lark,9415596,,,,,,
estrilda-astrild,Estrilda astrild,Common Waxbill,2493660,,,,,,
estrilda-melpoda,Estrilda melpoda,Orange-cheeked Waxbill,2493669,13780,,,Estrilda melpoda_Orange-cheeked Waxbill,,
estrilda-troglodytes,Estrilda troglodytes,Black-rumped Waxbill,2493662,13766,,,Estrilda troglodytes_Black-rumped Waxbill,,
eudocimus-albus,Eudocimus albus,White Ibis,5229205,3751,,,Eudocimus albus_White Ibis,,American White Ibis
eugenes-fulgens,Eugenes fulgens,Rivoli's Hummingbird,2476108,559084,,,Eugenes fulgens_Rivoli's Hummingbird,,
euodice-cantans,Euodice cantans,African Silverbill,7340335,145351,,,Euodice cantans_African Silverbill,,
euphagus-carolinus,Euphagus carolinus,Rusty Blackbird,2484184,,,,,,
euphagus-cyanocephalus,Euphagus cyanocephalus,Brewer's Blackbird,2484183,,,,,,
euplectes-franciscanus,Euplectes franciscanus,Northern Red Bishop,2494086,13966,,,Euplectes franciscanus_Northern Red Bishop,,
euptilotis-neoxenus,Euptilotis neoxenus,Eared Quetzal,2496632,20861,,,Euptilotis neoxenus_Eared Quetzal,,
falco-columbarius,Falco columbarius,Merlin,9813242,,,,,,
falco-femoralis,Falco femoralis,Aplomado Falcon,2481006,4645,,,Falco femoralis_Aplomado Falcon,,
falco-mexicanus,Falco mexicanus,Prairie Falcon,2481000,4644,,,Falco mexicanus_Prairie Falcon,,
falco-peregrinus,Falco peregrinus,Peregrine Falcon,2481047,,,,,,
falco-sparverius,Falco sparverius,American Kestrel,9685907,,,,,,
falco-subbuteo,Falco subbuteo,Eurasian Hobby,2481035,,,,,,
falco-tinnunculus,Falco tinnunculus,Eurasian Kestrel,9616058,,,,,,Common Kestrel
falco-vespertinus,Falco vespertinus,Red-footed Falcon,2481062,4641,,,Falco vespertinus_Red-footed Falcon,,
ficedula-albicilla,Ficedula albicilla,Taiga Flycatcher,5788886,,,,,,
francolinus-francolinus,Francolinus francolinus,Black Francolin,5227919,649,,,Francolinus francolinus_Black Francolin,,
fratercula-arctica,Fratercula arctica,Atlantic Puffin,2481353,,,,,,
fratercula-cirrhata,Fratercula cirrhata,Tufted Puffin,2481357,,,,,,
fratercula-corniculata,Fratercula corniculata,Horned Puffin,2481359,,,,,,
fregata-magnificens,Fregata magnificens,Magnificent Frigatebird,2480189,4631,,,Fregata magnificens_Magnificent Frigatebird,,
fregata-minor,Fregata minor,Great Frigatebird,2480187,4636,,,Fregata minor_Great Frigatebird,,
fringilla-coelebs,Fringilla coelebs,Common Chaffinch,2494422,,,,,,Eurasian Chaffinch
fringilla-montifringilla,Fringilla montifringilla,Brambling,2494441,,,,,,
fulica-alai,Fulica alai,Hawaiian Coot,2474386,478,,,Fulica alai_Hawaiian Coot,,
fulica-americana,Fulica americana,American Coot,2474393,,,,,,
fulmarus-glacialis,Fulmarus glacialis,Northern Fulmar,2481433,,,,,,
gallinago-delicata,Gallinago delicata,Wilson's Snipe,2481817,,,,,,
gallinago-gallinago,Gallinago gallinago,Common Snipe,2481819,,,,,,
gallinago-stenura,Gallinago stenura,Pin-tailed Snipe,2481828,3921,,,Gallinago stenura_Pin-tailed Snipe,,
gallinula-chloropus,Gallinula chloropus,Common Moorhen,5228199,,,,,,
gallinula-galeata,Gallinula galeata,Common Gallinule,7340222,144479,,,Gallinula galeata_Common Gallinule,,
gallus-gallus,Gallus gallus,Red Junglefowl,9326020,,,,,,
garrulax-canorus,Garrulax canorus,Chinese Hwamei,2493479,,,,,,
garrulax-leucolophus,Garrulax leucolophus,White-crested Laughingthrush,2493447,,,,Garrulax leucolophus_White-crested Laughingthrush,,
gavia-adamsii,Gavia adamsii,Yellow-billed Loon,2481957,4622,,,Gavia adamsii_Yellow-billed Loon,,
gavia-arctica,Gavia arctica,Arctic Loon,2481959,,,,,,Black-throated Loon
gavia-immer,Gavia immer,Common Loon,2481962,,,,,,
gavia-pacifica,Gavia pacifica,Pacific Loon,2481955,4621,,,Gavia pacifica_Pacific Loon,,
gavia-stellata,Gavia stellata,Red-throated Loon,2481958,,,,,,
gelochelidon-nilotica,Gelochelidon nilotica,Gull-billed Tern,2481263,,,,,,
geococcyx-californianus,Geococcyx californianus,Greater Roadrunner,2496459,,,,,,
geopelia-striata,Geopelia striata,Zebra Dove,2495486,,,,,,
geothlypis-formosa,Geothlypis formosa,Kentucky Warbler,6093586,,,,,,
geothlypis-philadelphia,Geothlypis philadelphia,Mourning Warbler,5789148,,,,,,
geothlypis-tolmiei,Geothlypis tolmiei,MacGillivray's Warbler,5789146,,,,,,
geothlypis-trichas,Geothlypis trichas,Common Yellowthroat,2489670,,,,,,
geranoaetus-albicaudatus,Geranoaetus albicaudatus,White-tailed Hawk,2480519,201043,,,Geranoaetus albicaudatus_White-tailed Hawk,,
glaucestrilda-caerulescens,Glaucestrilda caerulescens,Lavender Waxbill,2493661,1289375,,,Glaucestrilda caerulescens_Lavender Waxbill,,
glaucidium-gnoma,Glaucidium gnoma,Northern Pygmy-Owl,9616953,,,,,,
gracula-religiosa,Gracula religiosa,Common Hill Myna,2488999,,,,,,
grus-americana,Grus americana,Whooping Crane,2474941,,,,,,
grus-grus,Grus grus,Common Crane,2474950,,,,,,
grus-monacha,Grus monacha,Hooded Crane,2474943,26,,,Grus monacha_Hooded Crane,,
grus-virgo,Grus virgo,Demoiselle Crane,2474936,,,,Anthropoides virgo_Demoiselle Crane,,
gygis-alba,Gygis alba,White Tern,2481213,,,,Gygis alba_White Tern,,
gymnogyps-californianus,Gymnogyps californianus,California Condor,2481920,,,,,,
gymnorhinus-cyanocephalus,Gymnorhinus cyanocephalus,Pinyon Jay,5229498,,,,,,
haematopus-bachmani,Haematopus bachmani,Black Oystercatcher,2480272,,,,,,
haematopus-ostralegus,Haematopus ostralegus,Eurasian Oystercatcher,7788295,,,,,,
haematopus-palliatus,Haematopus palliatus,American Oystercatcher,2480273,,,,,,
haemorhous-cassinii,Haemorhous cassinii,Cassin's Finch,8255548,,,,,,
haemorhous-mexicanus,Haemorhous mexicanus,House Finch,8323485,199840,,,Haemorhous mexicanus_House Finch,,
haemorhous-purpureus,Haemorhous purpureus,Purple Finch,7804446,,,,,,
haliaeetus-albicilla,Haliaeetus albicilla,White-tailed Eagle,2480449,,,,,,
haliaeetus-leucocephalus,Haliaeetus leucocephalus,Bald Eagle,2480446,,,,,,
haliaeetus-pelagicus,Haliaeetus pelagicus,Steller's Sea-Eagle,2480445,5304,,,Haliaeetus pelagicus_Steller's Sea-Eagle,,
heliomaster-constantii,Heliomaster constantii,Plain-capped Starthroat,2476989,5873,,,Heliomaster constantii_Plain-capped Starthroat,,
helmitheros-vermivorum,Helmitheros vermivorum,Worm-eating Warbler,2489603,,,,,,
helopsaltes-ochotensis,Helopsaltes ochotensis,Middendorff's Grasshopper Warbler,2493553,,,,,,
hemignathus-hanapepe,Hemignathus hanapepe,Kauai Nukupuu,8404749,,,,,,
hemignathus-wilsoni,Hemignathus wilsoni,Akiapolaau,2494611,,,,,,
hesperiphona-vespertina,Hesperiphona vespertina,Evening Grosbeak,2494324,,,,,,
himantopus-mexicanus,Himantopus mexicanus,Black-necked Stilt,5229128,,,,,,
himatione-sanguinea,Himatione sanguinea,Apapane,2494524,,,,,,
hirundo-rustica,Hirundo rustica,Barn Swallow,9515886,,,,,,
histrionicus-histrionicus,Histrionicus histrionicus,Harlequin Duck,2498224,7111,,,Histrionicus histrionicus_Harlequin Duck,,
horornis-diphone,Horornis diphone,Japanese Bush Warbler,8351644,,,,,,
hydrobates-castro,Hydrobates castro,Band-rumped Storm-Petrel,2482001,1289617,,,Hydrobates castro_Band-rumped Storm-Petrel,,
hydrobates-furcatus,Hydrobates furcatus,Fork-tailed Storm-Petrel,2482009,,,,,,
hydrobates-homochroa,Hydrobates homochroa,Ashy Storm-Petrel,10750616,,,,,,
hydrobates-leucorhous,Hydrobates leucorhous,Leach's Storm-Petrel,2482012,,,,,,
hydrobates-tristrami,Hydrobates tristrami,Tristram's Storm-Petrel,2482023,1289610,,,Hydrobates tristrami_Tristram's Storm-Petrel,,
hydrocoloeus-minutus,Hydrocoloeus minutus,Little Gull,6065841,144512,,,Hydrocoloeus minutus_Little Gull,,
hydroprogne-caspia,Hydroprogne caspia,Caspian Tern,2481236,,,,,,
hylocichla-mustelina,Hylocichla mustelina,Wood Thrush,2490872,,,,,,
icteria-virens,Icteria virens,Yellow-breasted Chat,2489989,,,,,,
icterus-abeillei,Icterus abeillei,Black-backed Oriole,5229892,9342,,,Icterus abeillei_Black-backed Oriole,,
icterus-bullockii,Icterus bullockii,Bullock's Oriole,5229864,,,,,,
icterus-cucullatus,Icterus cucullatus,Hooded Oriole,5229882,,,,,,
icterus-galbula,Icterus galbula,Baltimore Oriole,2484340,,,,,,
icterus-graduacauda,Icterus graduacauda,Audubon's Oriole,5229903,,,,,,
icterus-gularis,Icterus gularis,Altamira Oriole,5229893,9339,,,Icterus gularis_Altamira Oriole,,
icterus-parisorum,Icterus parisorum,Scott's Oriole,5229930,,,,,,
icterus-pectoralis,Icterus pectoralis,Spot-breasted Oriole,5229910,,,,,,
icterus-pustulatus,Icterus pustulatus,Streak-backed Oriole,5229853,,,,,,
icterus-spurius,Icterus spurius,Orchard Oriole,5229935,,,,,,
ictinia-mississippiensis,Ictinia mississippiensis,Mississippi Kite,2480719,,,,,,
ixoreus-naevius,Ixoreus naevius,Varied Thrush,2490926,,,,,,
jacana-spinosa,Jacana spinosa,Northern Jacana,9520263,4578,,,Jacana spinosa_Northern Jacana,,
junco-hyemalis,Junco hyemalis,Dark-eyed Junco,9362842,,,,,,
junco-phaeonotus,Junco phaeonotus,Yellow-eyed Junco,2492031,,,,,,
lagopus-lagopus,Lagopus lagopus,Willow Ptarmigan,2473421,,,,,,
lagopus-leucura,Lagopus leucura,White-tailed Ptarmigan,5227717,974,,,Lagopus leucura_White-tailed Ptarmigan,,
lagopus-muta,Lagopus muta,Rock Ptarmigan,5227679,949,,,Lagopus muta_Rock Ptarmigan,,
lampornis-clemenciae,Lampornis clemenciae,Blue-throated Mountain-gem,2476748,5827,,,Lampornis clemenciae_Blue-throated Mountain-gem,,
lanius-borealis,Lanius borealis,Northern Shrike,7690702,,,,,,
lanius-collurio,Lanius collurio,Red-backed Shrike,7745240,,,,,,
lanius-cristatus,Lanius cristatus,Brown Shrike,2492846,,,,,,
lanius-ludovicianus,Lanius ludovicianus,Loggerhead Shrike,2492870,,,,,,
larosterna-inca,Larosterna inca,Inca Tern,2481125,4551,,,Larosterna inca_Inca Tern,,
larus-argentatus,Larus argentatus,European Herring Gull,2481139,,,,,,
larus-brachyrhynchus,Larus brachyrhynchus,Short-billed Gull,11205778,1286964,,,Larus brachyrhynchus_Short-billed Gull,,
larus-californicus,Larus californicus,California Gull,2481146,,,,,,
larus-canus,Larus canus,Common Gull,7982160,,,,,,
larus-crassirostris,Larus crassirostris,Black-tailed Gull,2481197,4370,,,Larus crassirostris_Black-tailed Gull,,
larus-delawarensis,Larus delawarensis,Ring-billed Gull,2481134,,,,Larus delawarensis_Ring-billed Gull,,
larus-dominicanus,Larus dominicanus,Kelp Gull,2481173,4388,,,Larus dominicanus_Kelp Gull,,
larus-fuscus,Larus fuscus,Lesser Black-backed Gull,2481174,,,,,,
larus-glaucescens,Larus glaucescens,Glaucous-winged Gull,2481196,,,,,,
larus-glaucoides,Larus glaucoides,Iceland Gull,2481156,4361,,,Larus glaucoides_Iceland Gull,,
larus-heermanni,Larus heermanni,Heermann's Gull,2481130,,,,,,
larus-hyperboreus,Larus hyperboreus,Glaucous Gull,2481127,4349,,,Larus hyperboreus_Glaucous Gull,,
larus-livens,Larus livens,Yellow-footed Gull,2481154,4354,,,Larus livens_Yellow-footed Gull,,
larus-marinus,Larus marinus,Great Black-backed Gull,2481172,4368,,,Larus marinus_Great Black-backed Gull,,
larus-michahellis,Larus michahellis,Yellow-legged Gull,9413670,,,,Larus michahellis_Yellow-legged Gull,,
larus-occidentalis,Larus occidentalis,Western Gull,9656686,,,,,,
larus-schistisagus,Larus schistisagus,Slaty-backed Gull,2481163,4366,,,Larus schistisagus_Slaty-backed Gull,,
larus-smithsonianus,Larus smithsonianus,American Herring Gull,4848480,,,,,,
larus-vegae,Larus vegae,Vega Gull,5789289,,,,,,
leiothlypis-celata,Leiothlypis celata,Orange-crowned Warbler,8169649,,,,,,
leiothlypis-luciae,Leiothlypis luciae,Lucy's Warbler,8293756,,,,,,
leiothlypis-peregrina,Leiothlypis peregrina,Tennessee Warbler,7415507,,,,,,
leiothlypis-ruficapilla,Leiothlypis ruficapilla,Nashville Warbler,7531611,,,,,,
leiothlypis-virginiae,Leiothlypis virginiae,Virginia's Warbler,8314699,,,,,,
leiothrix-lutea,Leiothrix lutea,Red-billed Leiothrix,5231398,,,,,,
leptotila-verreauxi,Leptotila verreauxi,White-tipped Dove,2496060,3280,,,Leptotila verreauxi_White-tipped Dove,,
leuconotopicus-albolarvatus,Leuconotopicus albolarvatus,White-headed Woodpecker,9128444,1651488,,,Dryobates albolarvatus_White-headed Woodpecker,,
leuconotopicus-arizonae,Leuconotopicus arizonae,Arizona Woodpecker,8721784,,,,Dryobates arizonae_Arizona Woodpecker,,
leuconotopicus-borealis,Leuconotopicus borealis,Red-cockaded Woodpecker,9046711,,,,Dryobates borealis_Red-cockaded Woodpecker,,
leuconotopicus-villosus,Leuconotopicus villosus,Hairy Woodpecker,9192501,,,,Dryobates villosus_Hairy Woodpecker,,
leucophaeus-atricilla,Leucophaeus atricilla,Laughing Gull,6065844,,,,,,
leucophaeus-modestus,Leucophaeus modestus,Gray Gull,6065847,144513,,,Leucophaeus modestus_Gray Gull,,
leucophaeus-pipixcan,Leucophaeus pipixcan,Franklin's Gull,5846430,,,,,,
leucosticte-atrata,Leucosticte atrata,Black Rosy-Finch,2494372,9611,,,Leucosticte atrata_Black Rosy-Finch,,
leucosticte-australis,Leucosticte australis,Brown-capped Rosy-Finch,2494359,9612,,,Leucosticte australis_Brown-capped Rosy-Finch,,
leucosticte-tephrocotis,Leucosticte tephrocotis,Gray-crowned Rosy-Finch,2494360,9617,,,Leucosticte tephrocotis_Gray-crowned Rosy-Finch,,
limnodromus-griseus,Limnodromus griseus,Short-billed Dowitcher,2481672,,,,,,
limnodromus-scolopaceus,Limnodromus scolopaceus,Long-billed Dowitcher,2481670,,,,,,
limnothlypis-swainsonii,Limnothlypis swainsonii,Swainson's Warbler,2489636,,,,,,
limosa-fedoa,Limosa fedoa,Marbled Godwit,2481684,,,,,,
limosa-haemastica,Limosa haemastica,Hudsonian Godwit,2481680,3950,,,Limosa haemastica_Hudsonian Godwit,,
limosa-lapponica,Limosa lapponica,Bar-tailed Godwit,2481681,,,,,,
limosa-limosa,Limosa limosa,Black-tailed Godwit,2481685,,,,,,
lonchura-atricapilla,Lonchura atricapilla,Chestnut Munia,2493623,72989,,,Lonchura atricapilla_Chestnut Munia,,
lonchura-malacca,Lonchura malacca,Tricolored Munia,2493626,979790,,,Lonchura malacca_Tricolored Munia,,
lonchura-punctulata,Lonchura punctulata,Scaly-breasted Munia,2493598,,,,,,
lonchura-striata,Lonchura striata,White-rumped Munia,2493618,,,,Lonchura striata_White-rumped Munia,,
lophodytes-cucullatus,Lophodytes cucullatus,Hooded Merganser,2498408,,,,,,
lophura-leucomelanos,Lophura leucomelanos,Kalij Pheasant,5227993,1081,,,Lophura leucomelanos_Kalij Pheasant,,
lophura-nycthemera,Lophura nycthemera,Silver Pheasant,5227966,,,,,,
loxia-curvirostra,Loxia curvirostra,Red Crossbill,9629160,,,,,,
loxia-leucoptera,Loxia leucoptera,White-winged Crossbill,8144830,,,,,,Two-barred Crossbill
loxia-sinesciuris,Loxia sinesciuris,Cassia Crossbill,9308032,,,,,,
loxioides-bailleui,Loxioides bailleui,Palila,2494136,,,,,,
loxops-caeruleirostris,Loxops caeruleirostris,Akekee,5231617,10405,,,Loxops caeruleirostris_Akekee,,
loxops-coccineus,Loxops coccineus,Hawaii Akepa,5231618,512256,,,Loxops coccineus_Hawaii Akepa,,
loxops-mana,Loxops mana,Hawaii Creeper,5231614,339894,,,Loxops mana_Hawaii Creeper,,
loxops-ochraceus,Loxops ochraceus,Maui Akepa,7728719,,,,,,
luscinia-svecica,Luscinia svecica,Bluethroat,4408732,,,,,,
lymnocryptes-minimus,Lymnocryptes minimus,Jack Snipe,2481835,3911,,,Lymnocryptes minimus_Jack Snipe,,
magumma-parva,Magumma parva,Anianiau,6091021,145329,,,Magumma parva_Anianiau,,
mareca-americana,Mareca americana,American Wigeon,2498155,,,,,,
mareca-falcata,Mareca falcata,Falcated Duck,9480191,558440,,,Mareca falcata_Falcated Duck,,
mareca-penelope,Mareca penelope,Eurasian Wigeon,8000602,,,,,,
mareca-strepera,Mareca strepera,Gadwall,9362027,,,,,,
megaceryle-alcyon,Megaceryle alcyon,Belted Kingfisher,2475472,,,,,,
megaceryle-torquata,Megaceryle torquata,Ringed Kingfisher,2475466,,,,,,
megascops-asio,Megascops asio,Eastern Screech-Owl,2497415,,,,,,
megascops-kennicottii,Megascops kennicottii,Western Screech-Owl,2497341,,,,,,
megascops-trichopsis,Megascops trichopsis,Whiskered Screech-Owl,2497319,,,,,,
melamprosops-phaeosoma,Melamprosops phaeosoma,Poo-uli,2494564,,,,,,
melanerpes-aurifrons,Melanerpes aurifrons,Golden-fronted Woodpecker,2478081,,,,,,
melanerpes-carolinus,Melanerpes carolinus,Red-bellied Woodpecker,2478106,18205,,,Melanerpes carolinus_Red-bellied Woodpecker,,
melanerpes-erythrocephalus,Melanerpes erythrocephalus,Red-headed Woodpecker,2478130,,,,,,
melanerpes-formicivorus,Melanerpes formicivorus,Acorn Woodpecker,2478133,,,,,,
melanerpes-lewis,Melanerpes lewis,Lewis's Woodpecker,2478142,,,,,,
melanerpes-uropygialis,Melanerpes uropygialis,Gila Woodpecker,2478112,,,,,,
melanitta-americana,Melanitta americana,Black Scoter,2498250,,,,,,
melanitta-deglandi,Melanitta deglandi,White-winged Scoter,2498243,,,,,,
melanitta-nigra,Melanitta nigra,Common Scoter,2498247,144221,,,Melanitta nigra_Common Scoter,,
melanitta-perspicillata,Melanitta perspicillata,Surf Scoter,2498246,7036,,,Melanitta perspicillata_Surf Scoter,,
melanitta-stejnegeri,Melanitta stejnegeri,Stejneger's Scoter,10056448,,,,,,
melanospiza-bicolor,Melanospiza bicolor,Black-faced Grassquit,9426540,,,,,,
melanotis-caerulescens,Melanotis caerulescens,Blue Mockingbird,2494975,15035,,,Melanotis caerulescens_Blue Mockingbird,,
meleagris-gallopavo,Meleagris gallopavo,Wild Turkey,9606290,,,,,,
melopsittacus-undulatus,Melopsittacus undulatus,Budgerigar,2479798,19339,,,Melopsittacus undulatus_Budgerigar,,
melospiza-georgiana,Melospiza georgiana,Swamp Sparrow,2492235,,,,,,
melospiza-lincolnii,Melospiza lincolnii,Lincoln's Sparrow,2492192,,,,,,
melospiza-melodia,Melospiza melodia,Song Sparrow,2492196,,,,Melospiza melodia_Song Sparrow,,
melozone-aberti,Melozone aberti,Abert's Towhee,7341587,,,,,,
melozone-crissalis,Melozone crissalis,California Towhee,7341600,,,,,,
melozone-fusca,Melozone fusca,Canyon Towhee,7341622,,,,,,
mergellus-albellus,Mergellus albellus,Smew,2498285,7192,,,Mergellus albellus_Smew,,
mergus-merganser,Mergus merganser,Common Merganser,9537647,,,,,,
mergus-serrator,Mergus serrator,Red-breasted Merganser,2498375,6996,,,Mergus serrator_Red-breasted Merganser,,
micrathene-whitneyi,Micrathene whitneyi,Elf Owl,2497430,,,,,,
mimus-gundlachii,Mimus gundlachii,Bahama Mockingbird,5231680,,,,,,
mimus-polyglottos,Mimus polyglottos,Northern Mockingbird,5231677,14886,,,Mimus polyglottos_Northern Mockingbird,,
mitrephanes-phaeocercus,Mitrephanes phaeocercus,Tufted Flycatcher,2483453,16326,,,Mitrephanes phaeocercus_Tufted Flycatcher,,Northern Tufted Flycatcher
mniotilta-varia,Mniotilta varia,Black-and-white Warbler,2489613,,,,,,
moho-braccatus,Moho braccatus,Kauai Oo,2486982,,,,,,
molothrus-aeneus,Molothrus aeneus,Bronzed Cowbird,2484404,,,,,,
molothrus-ater,Molothrus ater,Brown-headed Cowbird,2484391,,,,,,
molothrus-bonariensis,Molothrus bonariensis,Shiny Cowbird,2484396,,,,,,
morus-bassanus,Morus bassanus,Northern Gannet,2480964,,,,,,
motacilla-alba,Motacilla alba,White Wagtail,9687165,,,,,,
motacilla-cinerea,Motacilla cinerea,Gray Wagtail,2490310,,,,Motacilla cinerea_Gray Wagtail,,
motacilla-citreola,Motacilla citreola,Citrine Wagtail,2490307,13687,,,Motacilla citreola_Citrine Wagtail,,
motacilla-tschutschensis,Motacilla tschutschensis,Eastern Yellow Wagtail,2490303,,,,,,
muscicapa-dauurica,Muscicapa dauurica,Asian Brown Flycatcher,4408780,,,,Muscicapa dauurica_Asian Brown Flycatcher,,
muscicapa-griseisticta,Muscicapa griseisticta,Gray-streaked Flycatcher,2492571,12988,,,Muscicapa griseisticta_Gray-streaked Flycatcher,,
muscicapa-sibirica,Muscicapa sibirica,Dark-sided Flycatcher,2492566,12987,,,Muscicapa sibirica_Dark-sided Flycatcher,,
myadestes-lanaiensis,Myadestes lanaiensis,Olomao,2490838,,,,,,
myadestes-myadestinus,Myadestes myadestinus,Kamao,2490853,,,,,,
myadestes-obscurus,Myadestes obscurus,Omao,2490851,,,,,,
myadestes-townsendi,Myadestes townsendi,Townsend's Solitaire,2490849,,,,,,
mycteria-americana,Mycteria americana,Wood Stork,2481937,,,,,,
myiarchus-cinerascens,Myiarchus cinerascens,Ash-throated Flycatcher,2483600,,,,,,
myiarchus-crinitus,Myiarchus crinitus,Great Crested Flycatcher,2483597,,,,,,
myiarchus-nuttingi,Myiarchus nuttingi,Nutting's Flycatcher,2483585,,,,,,
myiarchus-sagrae,Myiarchus sagrae,La Sagra's Flycatcher,2483573,16025,,,Myiarchus sagrae_La Sagra's Flycatcher,,
myiarchus-tuberculifer,Myiarchus tuberculifer,Dusky-capped Flycatcher,2483531,,,,,,
myiarchus-tyrannulus,Myiarchus tyrannulus,Brown-crested Flycatcher,2483589,,,,,,
myioborus-miniatus,Myioborus miniatus,Slate-throated Redstart,2489837,,,,,,Slate-throated Whitestart
myioborus-pictus,Myioborus pictus,Painted Redstart,2489850,,,,,,Painted Whitestart
myiodynastes-luteiventris,Myiodynastes luteiventris,Sulphur-bellied Flycatcher,2483494,,,,,,
myiopsitta-monachus,Myiopsitta monachus,Monk Parakeet,2479407,,,,,,
nannopterum-auritum,Nannopterum auritum,Double-crested Cormorant,2481875,1454382,,,Nannopterum auritum_Double-crested Cormorant,,
nannopterum-brasilianum,Nannopterum brasilianum,Neotropic Cormorant,9399113,,,,,,
netta-peposaca,Netta peposaca,Rosy-billed Pochard,2498181,,,,,,
netta-rufina,Netta rufina,Red-crested Pochard,2498180,7122,,,Netta rufina_Red-crested Pochard,,
nomonyx-dominicus,Nomonyx dominicus,Masked Duck,2498316,,,,,,
nucifraga-columbiana,Nucifraga columbiana,Clark's Nutcracker,2482614,,,,,,
numenius-americanus,Numenius americanus,Long-billed Curlew,2481794,,,,,,
numenius-arquata,Numenius arquata,Eurasian Curlew,2481792,,,,,,
numenius-borealis,Numenius borealis,Eskimo Curlew,2481783,,,,,,
numenius-madagascariensis,Numenius madagascariensis,Far Eastern Curlew,2481791,3898,,,Numenius madagascariensis_Far Eastern Curlew,,
numenius-phaeopus,Numenius phaeopus,Whimbrel,2481784,,,,,,Eurasian Whimbrel
numenius-tahitiensis,Numenius tahitiensis,Bristle-thighed Curlew,2481790,,,,,,
numida-meleagris,Numida meleagris,Helmeted Guineafowl,2473341,,,,,,
nyctanassa-violacea,Nyctanassa violacea,Yellow-crowned Night Heron,2480953,,,,,,
nycticorax-nycticorax,Nycticorax nycticorax,Black-crowned Night Heron,2480863,,,,,,
nyctidromus-albicollis,Nyctidromus albicollis,Common Pauraque,2496990,,,,,,Pauraque
nymphicus-hollandicus,Nymphicus hollandicus,Cockatiel,2479977,,,,,,
oceanites-oceanicus,Oceanites oceanicus,Wilson's Storm-Petrel,5229419,,,,,,
ocyphaps-lophotes,Ocyphaps lophotes,Crested Pigeon,2495190,3681,,,Ocyphaps lophotes_Crested Pigeon,,
oenanthe-oenanthe,Oenanthe oenanthe,Northern Wheatear,5231240,,,,,,
onychoprion-aleuticus,Onychoprion aleuticus,Aleutian Tern,5789282,144528,,,Onychoprion aleuticus_Aleutian Tern,,
onychoprion-anaethetus,Onychoprion anaethetus,Bridled Tern,5789286,144527,,,Onychoprion anaethetus_Bridled Tern,,
onychoprion-fuscatus,Onychoprion fuscatus,Sooty Tern,5789284,,,,,,
onychoprion-lunatus,Onychoprion lunatus,Gray-backed Tern,5789278,144526,,,Onychoprion lunatus_Gray-backed Tern,,Spectacled Tern
oporornis-agilis,Oporornis agilis,Connecticut Warbler,2489611,,,,,,
oreomystis-bairdi,Oreomystis bairdi,Akikiki,2494355,10655,,,Oreomystis bairdi_Akikiki,,
oreortyx-pictus,Oreortyx pictus,Mountain Quail,2474320,,,,,,
oreoscoptes-montanus,Oreoscoptes montanus,Sage Thrasher,2494973,,,,,,
oreothlypis-superciliosa,Oreothlypis superciliosa,Crescent-chested Warbler,7342019,,,,,,
ortalis-vetula,Ortalis vetula,Plain Chachalaca,5229429,,,,,,
ortygornis-pondicerianus,Ortygornis pondicerianus,Gray Francolin,11273070,,,,,,
oxyura-jamaicensis,Oxyura jamaicensis,Ruddy Duck,2498305,850859,,,Oxyura jamaicensis_Ruddy Duck,,
pachyramphus-aglaiae,Pachyramphus aglaiae,Rose-throated Becard,5230329,8671,,,Pachyramphus aglaiae_Rose-throated Becard,,
padda-oryzivora,Padda oryzivora,Java Sparrow,4845776,,,,,,
pagophila-eburnea,Pagophila eburnea,Ivory Gull,2481202,,,,,,
pandion-haliaetus,Pandion haliaetus,Osprey,2480726,,,,,,
parabuteo-unicinctus,Parabuteo unicinctus,Harris's Hawk,2480410,,,,,,
parkesia-motacilla,Parkesia motacilla,Louisiana Waterthrush,6093862,,,,,,
parkesia-noveboracensis,Parkesia noveboracensis,Northern Waterthrush,6093856,,,,,,
paroaria-capitata,Paroaria capitata,Yellow-billed Cardinal,2492087,10257,,,Paroaria capitata_Yellow-billed Cardinal,,
paroaria-coronata,Paroaria coronata,Red-crested Cardinal,2492081,,,,,,
paroreomyza-montana,Paroreomyza montana,Maui Alauahio,2494582,10604,,,Paroreomyza montana_Maui Alauahio,,
parus-major,Parus major,Great Tit,9705453,,,,,,
passer-domesticus,Passer domesticus,House Sparrow,5231190,,,,Passer domesticus_House Sparrow,,
passer-montanus,Passer montanus,Eurasian Tree Sparrow,5231198,,,,,,
passerculus-sandwichensis,Passerculus sandwichensis,Savannah Sparrow,5231142,,,,,,
passerella-iliaca,Passerella iliaca,Fox Sparrow,2491872,,,,,,
passerina-amoena,Passerina amoena,Lazuli Bunting,5230861,,,,,,
passerina-caerulea,Passerina caerulea,Blue Grosbeak,5230862,,,,,,
passerina-ciris,Passerina ciris,Painted Bunting,5230852,,,,,,
passerina-cyanea,Passerina cyanea,Indigo Bunting,2490327,,,,,,
passerina-versicolor,Passerina versicolor,Varied Bunting,5230855,,,,,,
patagioenas-fasciata,Patagioenas fasciata,Band-tailed Pigeon,2495266,,,,,,
patagioenas-flavirostris,Patagioenas flavirostris,Red-billed Pigeon,2495303,,,,,,
patagioenas-leucocephala,Patagioenas leucocephala,White-crowned Pigeon,2495310,3093,,,Patagioenas leucocephala_White-crowned Pigeon,,
pavo-cristatus,Pavo cristatus,Indian Peafowl,9451184,,,,,,
pelecanus-erythrorhynchos,Pelecanus erythrorhynchos,American White Pelican,5229155,4334,,,Pelecanus erythrorhynchos_American White Pelican,,
pelecanus-occidentalis,Pelecanus occidentalis,Brown Pelican,5229158,4328,,,Pelecanus occidentalis_Brown Pelican,,
perdix-perdix,Perdix perdix,Gray Partridge,2473958,,,,,,
perisoreus-canadensis,Perisoreus canadensis,Canada Jay,2482436,,,,,,
petrochelidon-fulva,Petrochelidon fulva,Cave Swallow,2489166,,,,,,
petrochelidon-pyrrhonota,Petrochelidon pyrrhonota,Cliff Swallow,2489169,,,,,,American Cliff Swallow
peucaea-aestivalis,Peucaea aestivalis,Bachman's Sparrow,7341544,,,,,,
peucaea-botterii,Peucaea botterii,Botteri's Sparrow,7341548,,,,,,
peucaea-carpalis,Peucaea carpalis,Rufous-winged Sparrow,7341576,,,,,,
peucaea-cassinii,Peucaea cassinii,Cassin's Sparrow,6091692,,,,,,
peucedramus-taeniatus,Peucedramus taeniatus,Olive Warbler,2492276,,,,,,
phaethon-aethereus,Phaethon aethereus,Red-billed Tropicbird,9743996,4317,,,Phaethon aethereus_Red-billed Tropicbird,,
phaethon-lepturus,Phaethon lepturus,White-tailed Tropicbird,2481364,4314,,,Phaethon lepturus_White-tailed Tropicbird,,
phaethon-rubricauda,Phaethon rubricauda,Red-tailed Tropicbird,2481361,,,,,,
phaetusa-simplex,Phaetusa simplex,Large-billed Tern,5229213,,,,,,
phainopepla-nitens,Phainopepla nitens,Phainopepla,2492885,,,,,,
phalacrocorax-carbo,Phalacrocorax carbo,Great Cormorant,2481890,,,,,,
phalaenoptilus-nuttallii,Phalaenoptilus nuttallii,Common Poorwill,2497062,,,,,,
phalaropus-fulicarius,Phalaropus fulicarius,Red Phalarope,5229390,73203,,,Phalaropus fulicarius_Red Phalarope,,
phalaropus-lobatus,Phalaropus lobatus,Red-necked Phalarope,5739290,,,,,,
phalaropus-tricolor,Phalaropus tricolor,Wilson's Phalarope,5229389,144497,,,Phalaropus tricolor_Wilson's Phalarope,,
phasianus-colchicus,Phasianus colchicus,Ring-necked Pheasant,9752149,,,,,,Common Pheasant
phasianus-versicolor,Phasianus versicolor,Green Pheasant,5227775,,,,,,
pheucticus-ludovicianus,Pheucticus ludovicianus,Rose-breasted Grosbeak,2490494,,,,,,
pheucticus-melanocephalus,Pheucticus melanocephalus,Black-headed Grosbeak,2490487,,,,,,
phoebastria-albatrus,Phoebastria albatrus,Short-tailed Albatross,2481385,,,,,,
phoebastria-immutabilis,Phoebastria immutabilis,Laysan Albatross,2481381,,,,,,
phoebastria-nigripes,Phoebastria nigripes,Black-footed Albatross,2481383,4141,,,Phoebastria nigripes_Black-footed Albatross,,
phoenicopterus-ruber,Phoenicopterus ruber,American Flamingo,9691034,4257,,,Phoenicopterus ruber_American Flamingo,,
phylloscopus-borealis,Phylloscopus borealis,Arctic Warbler,2493071,,,,,,
phylloscopus-collybita,Phylloscopus collybita,Common Chiffchaff,2493091,,,,,,
phylloscopus-examinandus,Phylloscopus examinandus,Kamchatka Leaf Warbler,5845801,,,,Phylloscopus examinandus_Kamchatka Leaf Warbler,,
phylloscopus-fuscatus,Phylloscopus fuscatus,Dusky Warbler,2493075,,,,,,
phylloscopus-inornatus,Phylloscopus inornatus,Yellow-browed Warbler,2493095,,,,,,
phylloscopus-sibilatrix,Phylloscopus sibilatrix,Wood Warbler,8128385,,,,,,
phylloscopus-trochilus,Phylloscopus trochilus,Willow Warbler,2493052,,,,,,
pica-hudsonia,Pica hudsonia,Black-billed Magpie,5229487,,,,,,
pica-nuttalli,Pica nuttalli,Yellow-billed Magpie,5229489,,,,,,
picoides-arcticus,Picoides arcticus,Black-backed Woodpecker,2477774,,,,,,
picoides-dorsalis,Picoides dorsalis,American Three-toed Woodpecker,9543753,,,,,,
pinicola-enucleator,Pinicola enucleator,Pine Grosbeak,2494771,,,,,,
pionus-menstruus,Pionus menstruus,Blue-headed Parrot,2479902,,,,Pionus menstruus_Blue-headed Parrot,,
pipilo-chlorurus,Pipilo chlorurus,Green-tailed Towhee,2491276,,,,,,
pipilo-erythrophthalmus,Pipilo erythrophthalmus,Eastern Towhee,2491205,,,,,,
pipilo-maculatus,Pipilo maculatus,Spotted Towhee,9709230,,,,,,
piranga-bidentata,Piranga bidentata,Flame-colored Tanager,2488488,,,,,,
piranga-flava,Piranga flava,Hepatic Tanager,2488498,,,,,,
piranga-ludoviciana,Piranga ludoviciana,Western Tanager,2488484,,,,,,
piranga-olivacea,Piranga olivacea,Scarlet Tanager,2488517,,,,,,
piranga-rubra,Piranga rubra,Summer Tanager,2488485,,,,,,
pitangus-sulphuratus,Pitangus sulphuratus,Great Kiskadee,2482755,,,,,,
platalea-ajaja,Platalea ajaja,Roseate Spoonbill,2480803,62529,,,Platalea ajaja_Roseate Spoonbill,,
plectrophenax-hyperboreus,Plectrophenax hyperboreus,McKay's Bunting,2491718,117176,,,Plectrophenax hyperboreus_McKay's Bunting,,
plectrophenax-nivalis,Plectrophenax nivalis,Snow Bunting,2491719,,,,,,
plegadis-chihi,Plegadis chihi,White-faced Ibis,9375033,3759,,,Plegadis chihi_White-faced Ibis,,
plegadis-falcinellus,Plegadis falcinellus,Glossy Ibis,2480773,3756,,,Plegadis falcinellus_Glossy Ibis,,
pluvialis-apricaria,Pluvialis apricaria,European Golden-Plover,2480332,,,,,,
pluvialis-dominica,Pluvialis dominica,American Golden-Plover,2480328,,,,,,
pluvialis-fulva,Pluvialis fulva,Pacific Golden-Plover,2480331,,,,,,
pluvialis-squatarola,Pluvialis squatarola,Black-bellied Plover,2480327,,,,,,Grey Plover
podiceps-auritus,Podiceps auritus,Horned Grebe,2482059,4209,,,Podiceps auritus_Horned Grebe,,
podiceps-grisegena,Podiceps grisegena,Red-necked Grebe,2482051,,,,,,
podiceps-nigricollis,Podiceps nigricollis,Eared Grebe,2482065,4205,,,Podiceps nigricollis_Eared Grebe,,Black-necked Grebe
podilymbus-podiceps,Podilymbus podiceps,Pied-billed Grebe,2482077,,,,,,
poecile-atricapillus,Poecile atricapillus,Black-capped Chickadee,2487805,,,,Poecile atricapillus_Black-capped Chickadee,,
poecile-carolinensis,Poecile carolinensis,Carolina Chickadee,2487844,144814,,,Poecile carolinensis_Carolina Chickadee,,
poecile-cinctus,Poecile cinctus,Gray-headed Chickadee,2487862,,,,Poecile cinctus_Gray-headed Chickadee,,
poecile-gambeli,Poecile gambeli,Mountain Chickadee,2487825,,,,,,
poecile-hudsonicus,Poecile hudsonicus,Boreal Chickadee,2487793,,,,,,
poecile-rufescens,Poecile rufescens,Chestnut-backed Chickadee,2487783,,,,,,
poecile-sclateri,Poecile sclateri,Mexican Chickadee,2487837,144817,,,Poecile sclateri_Mexican Chickadee,,
poicephalus-senegalus,Poicephalus senegalus,Senegal Parrot,2479964,,,,,,
polioptila-caerulea,Polioptila caerulea,Blue-gray Gnatcatcher,2487596,,,,,,
polioptila-californica,Polioptila californica,California Gnatcatcher,2487600,,,,,,
polioptila-melanura,Polioptila melanura,Black-tailed Gnatcatcher,2487586,,,,,,
polioptila-nigriceps,Polioptila nigriceps,Black-capped Gnatcatcher,2487585,,,,,,
polysticta-stelleri,Polysticta stelleri,Steller's Eider,5232431,,,,,,
pooecetes-gramineus,Pooecetes gramineus,Vesper Sparrow,2491728,,,,,,
porphyrio-martinica,Porphyrio martinica,Purple Gallinule,5228136,,,,,,
porphyrio-poliocephalus,Porphyrio poliocephalus,Gray-headed Swamphen,5739284,474332,,,Porphyrio poliocephalus_Gray-headed Swamphen,,
porphyrio-porphyrio,Porphyrio porphyrio,Western Swamphen,2474416,,,,,,
porzana-carolina,Porzana carolina,Sora,2474639,,,,,,
progne-chalybea,Progne chalybea,Gray-breasted Martin,2489133,,,,,,
progne-subis,Progne subis,Purple Martin,2489129,,,,,,
protonotaria-citrea,Protonotaria citrea,Prothonotary Warbler,2489871,,,,,,
prunella-montanella,Prunella montanella,Siberian Accentor,5231759,13983,,,Prunella montanella_Siberian Accentor,,
psaltriparus-minimus,Psaltriparus minimus,Bushtit,2494988,,,,,,American Bushtit
psiloscops-flammeolus,Psiloscops flammeolus,Flammulated Owl,7807178,,,,,,
psittacara-erythrogenys,Psittacara erythrogenys,Red-masked Parakeet,2479104,,,,,,
psittacara-holochlorus,Psittacara holochlorus,Green Parakeet,2479146,,,,,,
psittacara-leucophthalmus,Psittacara leucophthalmus,White-eyed Parakeet,2479115,,,,,,
psittacara-mitratus,Psittacara mitratus,Mitred Parakeet,2479153,,,,,,
psittacula-cyanocephala,Psittacula cyanocephala,Plum-headed Parakeet,5229044,,,,Psittacula cyanocephala_Plum-headed Parakeet,,
psittacula-krameri,Psittacula krameri,Rose-ringed Parakeet,2479226,,,,,,
psittirostra-psittacea,Psittirostra psittacea,Ou,2494566,,,,,,
pternistis-erckelii,Pternistis erckelii,Erckel's Spurfowl,2473861,,,,,,
pterocles-exustus,Pterocles exustus,Chestnut-bellied Sandgrouse,9522580,,,,,,
pterodroma-cervicalis,Pterodroma cervicalis,White-necked Petrel,2481458,,,,Pterodroma cervicalis_White-necked Petrel,,
pterodroma-cookii,Pterodroma cookii,Cook's Petrel,2481491,,,,,,
pterodroma-externa,Pterodroma externa,Juan Fernandez Petrel,2481467,4038,,,Pterodroma externa_Juan Fernandez Petrel,,
pterodroma-hasitata,Pterodroma hasitata,Black-capped Petrel,2481477,,,,,,
pterodroma-hypoleuca,Pterodroma hypoleuca,Bonin Petrel,2481470,4044,,,Pterodroma hypoleuca_Bonin Petrel,,
pterodroma-inexpectata,Pterodroma inexpectata,Mottled Petrel,2481451,4037,,,Pterodroma inexpectata_Mottled Petrel,,
pterodroma-longirostris,Pterodroma longirostris,Stejneger's Petrel,2481462,,,,,,
pterodroma-neglecta,Pterodroma neglecta,Kermadec Petrel,2481488,4046,,,Pterodroma neglecta_Kermadec Petrel,,
pterodroma-nigripennis,Pterodroma nigripennis,Black-winged Petrel,2481444,4054,,,Pterodroma nigripennis_Black-winged Petrel,,
pterodroma-sandwichensis,Pterodroma sandwichensis,Hawaiian Petrel,2481449,4061,,,Pterodroma sandwichensis_Hawaiian Petrel,,
pterorhinus-pectoralis,Pterorhinus pectoralis,Greater Necklaced Laughingthrush,2493462,1289399,,,Pterorhinus pectoralis_Greater Necklaced Laughingthrush,,
ptychoramphus-aleuticus,Ptychoramphus aleuticus,Cassin's Auklet,2481302,,,,,,
puffinus-lherminieri,Puffinus lherminieri,Sargasso Shearwater,5229361,,,,,,
puffinus-nativitatis,Puffinus nativitatis,Christmas Shearwater,5229340,4101,,,Puffinus nativitatis_Christmas Shearwater,,
puffinus-newelli,Puffinus newelli,Newell's Shearwater,9503570,111266,,,Puffinus newelli_Newell's Shearwater,,
puffinus-opisthomelas,Puffinus opisthomelas,Black-vented Shearwater,5229356,,,,,,
puffinus-puffinus,Puffinus puffinus,Manx Shearwater,5229380,4093,,,Puffinus puffinus_Manx Shearwater,,
pycnonotus-cafer,Pycnonotus cafer,Red-vented Bulbul,2486131,,,,,,
pycnonotus-jocosus,Pycnonotus jocosus,Red-whiskered Bulbul,2486151,,,,,,
pyrocephalus-rubinus,Pyrocephalus rubinus,Vermilion Flycatcher,2483647,,,,,,
pyrrhula-pyrrhula,Pyrrhula pyrrhula,Eurasian Bullfinch,2494543,,,,,,
quiscalus-major,Quiscalus major,Boat-tailed Grackle,2484133,,,,,,
quiscalus-mexicanus,Quiscalus mexicanus,Great-tailed Grackle,9476062,,,,,,
quiscalus-quiscula,Quiscalus quiscula,Common Grackle,2484155,,,,Quiscalus quiscula_Common Grackle,,
radjah-radjah,Radjah radjah,Radjah Shelduck,9647688,792869,,,Radjah radjah_Radjah Shelduck,,
rallus-crepitans,Rallus crepitans,Clapper Rail,7751637,,,,,,
rallus-elegans,Rallus elegans,King Rail,9480015,,,,,,
rallus-limicola,Rallus limicola,Virginia Rail,2474825,,,,,,
rallus-obsoletus,Rallus obsoletus,Ridgway's Rail,7449585,367475,,,Rallus obsoletus_Ridgway's Rail,,
ramosomyia-violiceps,Ramosomyia violiceps,Violet-crowned Hummingbird,11003172,1506026,,,Leucolia violiceps_Violet-crowned Hummingbird,,
recurvirostra-americana,Recurvirostra americana,American Avocet,2480258,,,,,,
regulus-satrapa,Regulus satrapa,Golden-crowned Kinglet,2484591,,,,,,
rhodostethia-rosea,Rhodostethia rosea,Ross's Gull,2481218,4557,,,Rhodostethia rosea_Ross's Gull,,
rhynchophanes-mccownii,Rhynchophanes mccownii,Thick-billed Longspur,6093927,,,,,,
riparia-riparia,Riparia riparia,Bank Swallow,2489160,,,,,,Sand Martin
rissa-brevirostris,Rissa brevirostris,Red-legged Kittiwake,2481204,,,,,,
rissa-tridactyla,Rissa tridactyla,Black-legged Kittiwake,2481205,,,,,,
rostrhamus-sociabilis,Rostrhamus sociabilis,Snail Kite,2480415,,,,,,
rynchops-niger,Rynchops niger,Black Skimmer,2481209,,,,,,
salpinctes-obsoletus,Salpinctes obsoletus,Rock Wren,5231483,,,,,,
saucerottia-beryllina,Saucerottia beryllina,Berylline Hummingbird,5788537,1289657,,,Saucerottia beryllina_Berylline Hummingbird,,
saxicola-stejnegeri,Saxicola stejnegeri,Amur Stonechat,6100851,1286913,,,Saxicola stejnegeri_Amur Stonechat,,
sayornis-nigricans,Sayornis nigricans,Black Phoebe,2483612,,,,,,
sayornis-phoebe,Sayornis phoebe,Eastern Phoebe,2483606,,,,,,
sayornis-saya,Sayornis saya,Say's Phoebe,2483607,,,,,,
scolopax-minor,Scolopax minor,American Woodcock,2481695,,,,,,
seiurus-aurocapilla,Seiurus aurocapilla,Ovenbird,2489590,,,,,,
selasphorus-calliope,Selasphorus calliope,Calliope Hummingbird,7597244,199914,,,Selasphorus calliope_Calliope Hummingbird,,
selasphorus-platycercus,Selasphorus platycercus,Broad-tailed Hummingbird,2476844,,,,,,
selasphorus-rufus,Selasphorus rufus,Rufous Hummingbird,2476855,,,,,,
selasphorus-sasin,Selasphorus sasin,Allen's Hummingbird,2476852,,,,,,
serinus-canaria,Serinus canaria,Island Canary,2494303,,,,,,Atlantic Canary
setophaga-americana,Setophaga americana,Northern Parula,6093345,,,,,,
setophaga-caerulescens,Setophaga caerulescens,Black-throated Blue Warbler,7341828,,,,,,
setophaga-castanea,Setophaga castanea,Bay-breasted Warbler,6093202,,,,,,
setophaga-cerulea,Setophaga cerulea,Cerulean Warbler,6093350,,,,,,
setophaga-chrysoparia,Setophaga chrysoparia,Golden-cheeked Warbler,6092637,,,,,,
setophaga-citrina,Setophaga citrina,Hooded Warbler,6093374,,,,,,
setophaga-coronata,Setophaga coronata,Yellow-rumped Warbler,7341805,,,,,,
setophaga-discolor,Setophaga discolor,Prairie Warbler,7341789,,,,,,
setophaga-dominica,Setophaga dominica,Yellow-throated Warbler,7341800,,,,,,
setophaga-fusca,Setophaga fusca,Blackburnian Warbler,6093199,,,,,,
setophaga-graciae,Setophaga graciae,Grace's Warbler,7341776,,,,,,
setophaga-kirtlandii,Setophaga kirtlandii,Kirtland's Warbler,6093362,,,,,,
setophaga-magnolia,Setophaga magnolia,Magnolia Warbler,6093209,,,,,,
setophaga-nigrescens,Setophaga nigrescens,Black-throated Gray Warbler,7341770,,,,,,
setophaga-occidentalis,Setophaga occidentalis,Hermit Warbler,6092644,,,,,,
setophaga-palmarum,Setophaga palmarum,Palm Warbler,7341822,,,,,,
setophaga-pensylvanica,Setophaga pensylvanica,Chestnut-sided Warbler,6092942,,,,,,
setophaga-petechia,Setophaga petechia,Yellow Warbler,7341834,,,,,,
setophaga-pinus,Setophaga pinus,Pine Warbler,7341816,,,,,,
setophaga-pitiayumi,Setophaga pitiayumi,Tropical Parula,7341895,,,,,,
setophaga-ruticilla,Setophaga ruticilla,American Redstart,2489985,,,,,,
setophaga-striata,Setophaga striata,Blackpoll Warbler,6092935,,,,,,
setophaga-tigrina,Setophaga tigrina,Cape May Warbler,6093357,,,,,,
setophaga-townsendi,Setophaga townsendi,Townsend's Warbler,6092651,,,,,,
setophaga-virens,Setophaga virens,Black-throated Green Warbler,6092631,,,,,,
sialia-currucoides,Sialia currucoides,Mountain Bluebird,2490935,,,,,,
sialia-mexicana,Sialia mexicana,Western Bluebird,2490936,,,,,,
sialia-sialis,Sialia sialis,Eastern Bluebird,2490941,,,,,,
sibirionetta-formosa,Sibirionetta formosa,Baikal Teal,9235549,,,,,,
sicalis-flaveola,Sicalis flaveola,Saffron Finch,2491862,,,,,,
sitta-canadensis,Sitta canadensis,Red-breasted Nuthatch,2484879,,,,,,
sitta-carolinensis,Sitta carolinensis,White-breasted Nuthatch,2484892,,,,Sitta carolinensis_White-breasted Nuthatch,,
sitta-pusilla,Sitta pusilla,Brown-headed Nuthatch,2484904,,,,,,
sitta-pygmaea,Sitta pygmaea,Pygmy Nuthatch,2484907,,,,,,
somateria-fischeri,Somateria fischeri,Spectacled Eider,2498366,,,,,,
somateria-mollissima,Somateria mollissima,Common Eider,2498352,,,,,,
somateria-spectabilis,Somateria spectabilis,King Eider,2498350,7030,,,Somateria spectabilis_King Eider,,
spatula-clypeata,Spatula clypeata,Northern Shoveler,8332393,,,,,,
spatula-cyanoptera,Spatula cyanoptera,Cinnamon Teal,9345027,558434,,,Spatula cyanoptera_Cinnamon Teal,,
spatula-discors,Spatula discors,Blue-winged Teal,9422220,,,,,,
spatula-querquedula,Spatula querquedula,Garganey,9274012,,,,,,
sphyrapicus-nuchalis,Sphyrapicus nuchalis,Red-naped Sapsucker,9406038,,,,,,
sphyrapicus-ruber,Sphyrapicus ruber,Red-breasted Sapsucker,2478597,18464,,,Sphyrapicus ruber_Red-breasted Sapsucker,,
sphyrapicus-thyroideus,Sphyrapicus thyroideus,Williamson's Sapsucker,2478602,,,,,,
sphyrapicus-varius,Sphyrapicus varius,Yellow-bellied Sapsucker,2478605,,,,,,
spilopelia-chinensis,Spilopelia chinensis,Spotted Dove,6101224,,,,Streptopelia chinensis_Spotted Dove,,
spindalis-zena,Spindalis zena,Western Spindalis,2488379,10731,,,Spindalis zena_Western Spindalis,,
spinus-lawrencei,Spinus lawrencei,Lawrence's Goldfinch,5231643,,,,,,
spinus-pinus,Spinus pinus,Pine Siskin,5231635,,,,,,
spinus-psaltria,Spinus psaltria,Lesser Goldfinch,5231647,,,,,,
spinus-tristis,Spinus tristis,American Goldfinch,5231640,,,,Spinus tristis_American Goldfinch,,
spiza-americana,Spiza americana,Dickcissel,2490363,,,,,,
spizella-atrogularis,Spizella atrogularis,Black-chinned Sparrow,2492104,,,,,,
spizella-breweri,Spizella breweri,Brewer's Sparrow,2492099,,,,,,
spizella-pallida,Spizella pallida,Clay-colored Sparrow,2492101,,,,,,
spizella-passerina,Spizella passerina,Chipping Sparrow,2492109,,,,,,
spizella-pusilla,Spizella pusilla,Field Sparrow,2492096,,,,,,
spizelloides-arborea,Spizelloides arborea,American Tree Sparrow,7357320,,,,,,
sporophila-morelleti,Sporophila morelleti,Morelet's Seedeater,8986244,,,,,,
stelgidopteryx-serripennis,Stelgidopteryx serripennis,Northern Rough-winged Swallow,2489202,,,,,,
stercorarius-longicaudus,Stercorarius longicaudus,Long-tailed Jaeger,2481613,4481,,,Stercorarius longicaudus_Long-tailed Jaeger,,
stercorarius-maccormicki,Stercorarius maccormicki,South Polar Skua,2481616,144296,,,Stercorarius maccormicki_South Polar Skua,,
stercorarius-parasiticus,Stercorarius parasiticus,Parasitic Jaeger,2481621,,,,,,
stercorarius-pomarinus,Stercorarius pomarinus,Pomarine Jaeger,2481609,4491,,,Stercorarius pomarinus_Pomarine Jaeger,,
stercorarius-skua,Stercorarius skua,Great Skua,2481618,144297,,,Stercorarius skua_Great Skua,,
sterna-dougallii,Sterna dougallii,Roseate Tern,5229249,4436,,,Sterna dougallii_Roseate Tern,,
sterna-forsteri,Sterna forsteri,Forster's Tern,5229247,,,,,,
sterna-hirundo,Sterna hirundo,Common Tern,9367409,,,,,,
sterna-paradisaea,Sterna paradisaea,Arctic Tern,5229230,,,,,,
sternula-antillarum,Sternula antillarum,Least Tern,5789285,,,,,,
streptopelia-decaocto,Streptopelia decaocto,Eurasian Collared-Dove,2495696,,,,,,
streptopelia-orientalis,Streptopelia orientalis,Oriental Turtle-Dove,2495681,,,,,,
streptopelia-roseogrisea,Streptopelia roseogrisea,African Collared-Dove,2495688,,,,,,
streptopelia-turtur,Streptopelia turtur,European Turtle-Dove,2495708,,,,,,
strix-varia,Strix varia,Barred Owl,2497541,,,,,,
sturnella-lilianae,Sturnella lilianae,Chihuahuan Meadowlark,5788765,,,,,,
sturnella-magna,Sturnella magna,Eastern Meadowlark,2484254,,,,,,
sturnella-neglecta,Sturnella neglecta,Western Meadowlark,9596413,,,,,,
sturnus-vulgaris,Sturnus vulgaris,European Starling,9809229,,,,Sturnus vulgaris_European Starling,,Common Starling
sula-dactylatra,Sula dactylatra,Masked Booby,2480967,3788,,,Sula dactylatra_Masked Booby,,
sula-granti,Sula granti,Nazca Booby,2480971,,,,,,
sula-leucogaster,Sula leucogaster,Brown Booby,2480975,3797,,,Sula leucogaster_Brown Booby,,
sula-nebouxii,Sula nebouxii,Blue-footed Booby,2480978,3786,,,Sula nebouxii_Blue-footed Booby,,
sula-sula,Sula sula,Red-footed Booby,2480972,,,,,,
synthliboramphus-antiquus,Synthliboramphus antiquus,Ancient Murrelet,2481350,,,,,,
tachybaptus-dominicus,Tachybaptus dominicus,Least Grebe,2482044,,,,,,
tachycineta-bicolor,Tachycineta bicolor,Tree Swallow,2489181,,,,,,
tachycineta-thalassina,Tachycineta thalassina,Violet-green Swallow,5230754,,,,,,
tadorna-ferruginea,Tadorna ferruginea,Ruddy Shelduck,2498015,,,,,,
tadorna-tadorna,Tadorna tadorna,Common Shelduck,2498009,,,,,,
taeniopygia-guttata,Taeniopygia guttata,Zebra Finch,2493633,,,,,,
tarsiger-cyanurus,Tarsiger cyanurus,Red-flanked Bluetail,2492509,,,,,,
telespiza-ultima,Telespiza ultima,Nihoa Finch,2494419,9828,,,Telespiza ultima_Nihoa Finch,,
tetraogallus-himalayensis,Tetraogallus himalayensis,Himalayan Snowcock,2473455,,,,,,
thalassarche-melanophris,Thalassarche melanophris,Black-browed Albatross,2481410,,,,Thalassarche melanophris_Black-browed Albatross,,
thalasseus-bergii,Thalasseus bergii,Great Crested Tern,5789283,,,,,,Greater Crested Tern
thalasseus-elegans,Thalasseus elegans,Elegant Tern,2481285,,,,,,
thalasseus-maximus,Thalasseus maximus,Royal Tern,5789281,,,,,,
thalasseus-sandvicensis,Thalasseus sandvicensis,Sandwich Tern,2481240,,,,,,
thectocercus-acuticaudatus,Thectocercus acuticaudatus,Blue-crowned Parakeet,2479089,,,,,,
thryomanes-bewickii,Thryomanes bewickii,Bewick's Wren,2493843,,,,,,
thryophilus-sinaloa,Thryophilus sinaloa,Sinaloa Wren,7341103,,,,,,
thryothorus-ludovicianus,Thryothorus ludovicianus,Carolina Wren,2493801,,,,Thryothorus ludovicianus_Carolina Wren,,
tiaris-olivaceus,Tiaris olivaceus,Yellow-faced Grassquit,5231037,,,,,,
toxostoma-bendirei,Toxostoma bendirei,Bendire's Thrasher,5231697,,,,,,
toxostoma-crissale,Toxostoma crissale,Crissal Thrasher,5231693,,,,,,
toxostoma-curvirostre,Toxostoma curvirostre,Curve-billed Thrasher,5231688,,,,,,
toxostoma-lecontei,Toxostoma lecontei,LeConte's Thrasher,5231703,14892,,,Toxostoma lecontei_LeConte's Thrasher,,
toxostoma-longirostre,Toxostoma longirostre,Long-billed Thrasher,5231710,,,,,,
toxostoma-redivivum,Toxostoma redivivum,California Thrasher,5231713,,,,,,
toxostoma-rufum,Toxostoma rufum,Brown Thrasher,9479809,,,,,,
tringa-brevipes,Tringa brevipes,Gray-tailed Tattler,2481722,,,,,,
tringa-erythropus,Tringa erythropus,Spotted Redshank,2481725,,,,,,
tringa-flavipes,Tringa flavipes,Lesser Yellowlegs,2481721,,,,,,
tringa-glareola,Tringa glareola,Wood Sandpiper,2481713,,,,,,
tringa-incana,Tringa incana,Wandering Tattler,9733156,,,,,,
tringa-melanoleuca,Tringa melanoleuca,Greater Yellowlegs,2481720,,,,,,
tringa-nebularia,Tringa nebularia,Common Greenshank,2481726,,,,,,
tringa-semipalmata,Tringa semipalmata,Willet,5789298,,,,,,
tringa-solitaria,Tringa solitaria,Solitary Sandpiper,2481710,,,,,,
tringa-stagnatilis,Tringa stagnatilis,Marsh Sandpiper,2481719,,,,,,
tringa-totanus,Tringa totanus,Common Redshank,2481714,,,,,,
troglodytes-aedon,Troglodytes aedon,Northern House Wren,5231459,,,,,,
troglodytes-hiemalis,Troglodytes hiemalis,Winter Wren,7340825,,,,,,
troglodytes-pacificus,Troglodytes pacificus,Pacific Wren,9533566,,,,,,
trogon-elegans,Trogon elegans,Elegant Trogon,9323342,,,,Trogon elegans_Elegant Trogon,,
turdus-assimilis,Turdus assimilis,White-throated Thrush,9529632,,,,,,
turdus-eunomus,Turdus eunomus,Dusky Thrush,9615912,145087,,,Turdus eunomus_Dusky Thrush,,
turdus-grayi,Turdus grayi,Clay-colored Thrush,2490716,,,,,,
turdus-iliacus,Turdus iliacus,Redwing,2490781,,,,,,
turdus-merula,Turdus merula,Eurasian Blackbird,2490719,,,,,,Common Blackbird
turdus-migratorius,Turdus migratorius,American Robin,9510564,,,,Turdus migratorius_American Robin,,
turdus-obscurus,Turdus obscurus,Eyebrowed Thrush,2490728,12776,,,Turdus obscurus_Eyebrowed Thrush,,
turdus-philomelos,Turdus philomelos,Song Thrush,7901064,,,,,,
turdus-pilaris,Turdus pilaris,Fieldfare,2490737,,,,,,
turdus-plumbeus,Turdus plumbeus,Red-legged Thrush,2490751,12718,,,Turdus plumbeus_Red-legged Thrush,,
turdus-rufopalliatus,Turdus rufopalliatus,Rufous-backed Robin,2490741,,,,,,Rufous-backed Thrush
turdus-viscivorus,Turdus viscivorus,Mistle Thrush,2490774,,,,,,
tympanuchus-cupido,Tympanuchus cupido,Greater Prairie-Chicken,2473510,,,,,,
tympanuchus-phasianellus,Tympanuchus phasianellus,Sharp-tailed Grouse,2473514,,,,,,
tyrannus-couchii,Tyrannus couchii,Couch's Kingbird,5229684,,,,,,
tyrannus-crassirostris,Tyrannus crassirostris,Thick-billed Kingbird,5229690,,,,,,
tyrannus-dominicensis,Tyrannus dominicensis,Gray Kingbird,5229678,,,,,,
tyrannus-forficatus,Tyrannus forficatus,Scissor-tailed Flycatcher,5229687,,,,,,
tyrannus-melancholicus,Tyrannus melancholicus,Tropical Kingbird,5229662,,,,,,
tyrannus-savana,Tyrannus savana,Fork-tailed Flycatcher,5229693,,,,,,
tyrannus-tyrannus,Tyrannus tyrannus,Eastern Kingbird,5229688,,,,,,
tyrannus-verticalis,Tyrannus verticalis,Western Kingbird,5229675,,,,,,
tyrannus-vociferans,Tyrannus vociferans,Cassin's Kingbird,5229681,,,,,,
tyto-furcata,Tyto furcata,American Barn Owl,9568884,,,,,,
uraeginthus-bengalus,Uraeginthus bengalus,Red-cheeked Cordonbleu,2493723,14027,,,Uraeginthus bengalus_Red-cheeked Cordonbleu,,
uraeginthus-cyanocephalus,Uraeginthus cyanocephalus,Blue-capped Cordonbleu,2493725,,,,,,
uria-aalge,Uria aalge,Common Murre,2481342,,,,,,
uria-lomvia,Uria lomvia,Thick-billed Murre,2481339,,,,,,
urile-pelagicus,Urile pelagicus,Pelagic Cormorant,2481870,,,,,,
urile-penicillatus,Urile penicillatus,Brandt's Cormorant,10682451,,,,,,
urile-urile,Urile urile,Red-faced Cormorant,2481874,,,,,,
vanellus-chilensis,Vanellus chilensis,Southern Lapwing,5229146,,,,,,
vanellus-vanellus,Vanellus vanellus,Northern Lapwing,2480242,,,,,,
vermivora-bachmanii,Vermivora bachmanii,Bachman's Warbler,5230816,,,,,,
vermivora-chrysoptera,Vermivora chrysoptera,Golden-winged Warbler,5230811,,,,,,
vermivora-cyanoptera,Vermivora cyanoptera,Blue-winged Warbler,6093846,,,,,,
vidua-macroura,Vidua macroura,Pin-tailed Whydah,2484628,,,,,,
vireo-altiloquus,Vireo altiloquus,Black-whiskered Vireo,2487463,,,,,,
vireo-atricapilla,Vireo atricapilla,Black-capped Vireo,2487438,,,,,,
vireo-bellii,Vireo bellii,Bell's Vireo,2487441,,,,,,
vireo-cassinii,Vireo cassinii,Cassin's Vireo,9552291,,,,,,
vireo-crassirostris,Vireo crassirostris,Thick-billed Vireo,2487454,,,,,,
vireo-flavifrons,Vireo flavifrons,Yellow-throated Vireo,2487453,,,,,,
vireo-flavoviridis,Vireo flavoviridis,Yellow-green Vireo,2487426,,,,,,
vireo-gilvus,Vireo gilvus,Warbling Vireo,2487446,,,,,,
vireo-griseus,Vireo griseus,White-eyed Vireo,2487413,,,,,,
vireo-huttoni,Vireo huttoni,Hutton's Vireo,9722986,,,,,,
vireo-olivaceus,Vireo olivaceus,Red-eyed Vireo,2487430,,,,,,
vireo-philadelphicus,Vireo philadelphicus,Philadelphia Vireo,2487408,,,,,,
vireo-plumbeus,Vireo plumbeus,Plumbeous Vireo,9353154,,,,,,
vireo-solitarius,Vireo solitarius,Blue-headed Vireo,2487456,,,,,,
vireo-vicinior,Vireo vicinior,Gray Vireo,2487411,,,,,,
xanthocephalus-xanthocephalus,Xanthocephalus xanthocephalus,Yellow-headed Blackbird,2484195,,,,,,
xema-sabini,Xema sabini,Sabine's Gull,2481221,4571,,,Xema sabini_Sabine's Gull,,
xenus-cinereus,Xenus cinereus,Terek Sandpiper,2481703,,,,,,
zenaida-asiatica,Zenaida asiatica,White-winged Dove,2495370,,,,,,
zenaida-aurita,Zenaida aurita,Zenaida Dove,2495353,3465,,,Zenaida aurita_Zenaida Dove,,
zenaida-macroura,Zenaida macroura,Mourning Dove,2495347,3454,,,Zenaida macroura_Mourning Dove,,
zonotrichia-albicollis,Zonotrichia albicollis,White-throated Sparrow,5231140,,,,Zonotrichia albicollis_White-throated Sparrow,,
zonotrichia-atricapilla,Zonotrichia atricapilla,Golden-crowned Sparrow,5231138,,,,,,
zonotrichia-leucophrys,Zonotrichia leucophrys,White-crowned Sparrow,5231132,,,,,,
zonotrichia-querula,Zonotrichia querula,Harris's Sparrow,5231139,,,,,,
zosterops-japonicus,Zosterops japonicus,Warbling White-eye,9300456,,,,,,
zosterops-simplex,Zosterops simplex,Swinhoe's White-eye,9047331,,,,,,
